OTU	ERR1308239	classification
ukaryota;Arthropoda;Insecta;Lepidoptera;Prodoxidae;Parategeticula;Parategeticula elephantipella
ERR1308239:711640.607058	4159	Eukaryota;Arthropoda;Insecta;Diptera;Muscidae;Lispe;Lispe orientalis
ERR1308239:512750.612266	1887	Eukaryota;Arthropoda;Arachnida;Scorpiones;Buthidae;Centruroides;Centruroides nigrimanus
ERR1308239:1057010.606020	1499	Eukaryota;Arthropoda;Branchiopoda;Diplostraca;Moinidae;Moina;Moina mongolica
ERR1308239:1201970.603455	1401	Eukaryota;Arthropoda;Insecta;Hymenoptera;Braconidae;Phanerotoma;Phanerotoma flava
ERR1308239:182690.629063	1242	Eukaryota;Arthropoda;Insecta;Diptera;Sarcophagidae;Sarcophaga;Sarcophaga serrata
ERR1308239:179470.619526	1136	Eukaryota;Arthropoda;Insecta;Diptera;Chironomidae;Tanytarsus;Tanytarsus heliomesonyctios
ERR1308239:565050.623945	792	Eukaryota;Arthropoda;Insecta;Hymenoptera;Formicidae;Brachymyrmex;Brachymyrmex depilis
ERR1308239:2651950.624397	598	Eukaryota;Arthropoda;Malacostraca;Euphausiacea;Euphausiidae;Euphausia;Euphausia sibogae
ERR1308239:2688970.610246	480	Eukaryota;Arthropoda;Insecta;Diptera;Drosophilidae;Drosophila;Drosophila unimaculata
ERR1308239:1045550.602182	357	Eukaryota;Annelida;Hirudinida;Arhynchobdellida;Haemadipsidae;Haemadipsa;Haemadipsa cavatuses
ERR1308239:1063220.728700	332	Eukaryota;Porifera;Demospongiae;Hadromerida;Tethyidae;Tethya;Tethya actinia
ERR1308239:1207400.621929	306	Eukaryota;Echinodermata;Crinoidea;Cyrtocrinida;Holopodidae;Holopus;Holopus rangii
ERR1308239:3234670.618210	304	Eukaryota;Arthropoda;Maxillopoda;Calanoida;Centropagidae;Boeckella;Boeckella triarticulata
ERR1308239:1759600.616849	299	Eukaryota;Arthropoda;Insecta;Diptera;Calliphoridae;Chrysomya;Chrysomya chani
ERR1308239:2310320.614328	287	Eukaryota;Chaetognatha;Sagittoidea;Aphragmophora;Sagittidae;Decipisagitta;Decipisagitta decipiens
ERR1308239:1016800.691987	276	Eukaryota;Nematoda;Chromadorea;Tylenchida;Meloidogynidae;Meloidogyne;Meloidogyne chitwoodi
ERR1308239:1239790.627274	260	Eukaryota;Arthropoda;Insecta;Hymenoptera;Braconidae;Phanerotoma;Phanerotoma flava
ERR1308239:1029230.616710	246	Eukaryota;Entoprocta;Loxosomatidae;Loxosomella;Loxosomella aloxiata
ERR1308239:1174730.633695	216	Eukaryota;Arthropoda;Insecta;Diptera;Drosophilidae;Drosophila;Drosophila pseudobaimaii
ERR1308239:1428530.604193	211	Eukaryota;Cnidaria;Anthozoa;Alcyonacea;Gorgoniidae;Antillogorgia;Antillogorgia bipinnata
ERR1308239:2309110.610854	175	Eukaryota;Arthropoda;Insecta;Diptera;Drosophilidae;Drosophila;Drosophila pseudobaimaii
ERR1308239:1228840.627746	168	Eukaryota;Arthropoda;Insecta;Hymenoptera;Braconidae;Phanerotoma;Phanerotoma flava
ERR1308239:2938260.608619	165	Eukaryota;Arthropoda;Insecta;Diptera;Drosophilidae;Drosophila;Drosophila kanapiae
ERR1308239:102580.616793	155	Eukaryota;Chordata;Squamata;Dipsadidae;Pseudoleptodeira;Pseudoleptodeira latifasciata
ERR1308239:343020.607076	152	Eukaryota;Arthropoda;Insecta;Diptera;Sciaridae;Corynoptera;Corynoptera boletiphaga
ERR1308239:1020870.634610	146	Eukaryota;Mollusca;Bivalvia;Unionoida;Unionidae;Lamprotula;Lamprotula gottschei
ERR1308239:1926000.607669	144	Eukaryota;Arthropoda;Insecta;Diptera;Chironomidae;Ablabesmyia;Ablabesmyia monilis
ERR1308239:256100.605494	127	Eukaryota;Arthropoda;Malacostraca;Decapoda;Cambaridae;Orconectes;Orconectes hobbsi
ERR1308239:337790.604646	112	Eukaryota;Arthropoda;Insecta;Diptera;Sciaridae;Bradysia;Bradysia amoena
ERR1308239:1013780.604390	105	Eukaryota;Arthropoda;Insecta;Coleoptera;Chrysomelidae;Mimosestes;Mimosestes ulkei
ERR1308239:2978710.605662	105	Eukaryota;Mollusca;Gastropoda;Vertiginidae;Vertigo;Vertigo pusilla
ERR1308239:1006270.600124	95	Eukaryota;Arthropoda;Insecta;Hemiptera;Pentatomidae;Pentatoma;Pentatoma rufipes
ERR1308239:1004280.601280	94	Eukaryota;Arthropoda;Insecta;Diptera;Sciaridae;Bradysia;Bradysia lapponica
ERR1308239:1035630.628364	93	Eukaryota;Arthropoda;Insecta;Diptera;Chironomidae;Paratanytarsus;Paratanytarsus tenuis
ERR1308239:102590.632492	90	Eukaryota;Porifera;Demospongiae;Halichondrida;Axinellidae;Ptilocaulis;Ptilocaulis walpersi
ERR1308239:3267370.611373	86	Eukaryota;Arthropoda;Insecta;Diptera;Chironomidae;Paratanytarsus;Paratanytarsus dissimilis
ERR1308239:1020190.601423	83	Eukaryota;Arthropoda;Insecta;Lepidoptera;Pyralidae;Ortholepis;Ortholepis pasadamia
ERR1308239:1005520.609632	81	Eukaryota;Arthropoda;Insecta;Lepidoptera;Zygaenidae;Phauda;Phauda bicolor
ERR1308239:1046110.719423	78	Eukaryota;Chordata;Ascidiacea;Stolidobranchia;Styelidae;Polycarpa;Polycarpa mytiligera
ERR1308239:1017620.608920	77	Eukaryota;Arthropoda;Insecta;Diptera;Muscidae;Myospila;Myospila lauta
ERR1308239:1140730.600851	75	Eukaryota;Arthropoda;Insecta;Diptera;Chironomidae;Pseudorthocladius;Pseudorthocladius filiformis
ERR1308239:1015820.604233	72	Eukaryota;Arthropoda;Insecta;Lepidoptera;Papilionidae;Euryades;Euryades duponchelii
ERR1308239:1013790.627728	67	Eukaryota;Cnidaria;Hydrozoa;Anthoathecata;Polyorchidae;Polyorchis;Polyorchis penicillatus
ERR1308239:1341140.692579	66	Eukaryota;Arthropoda;Malacostraca;Decapoda;Callianassidae;Trypaea;Trypaea australiensis
ERR1308239:2392120.610994	64	Eukaryota;Entoprocta;Loxosomatidae;Loxocorone;Loxocorone allax
ERR1308239:1216530.616479	61	Eukaryota;Arthropoda;Insecta;Lepidoptera;Noctuidae;Noctua;Noctua atlantica
ERR1308239:1015100.625519	60	Eukaryota;Entoprocta;Loxosomatidae;Loxocorone;Loxocorone allax
ERR1308239:1032270.613555	60	Eukaryota;Echinodermata;Ophiuroidea;Euryalida;Gorgonocephalidae;Astrothrombus;Astrothrombus chrysanthi
ERR1308239:1057150.605066	60	Eukaryota;Arthropoda;Insecta;Diptera;Drosophilidae;Apenthecia;Apenthecia argentata
ERR1308239:1029210.617756	58	Eukaryota;Chordata;Mammalia;Rodentia;Heteromyidae;Chaetodipus;Chaetodipus californicus
ERR1308239:154870.621062	57	Eukaryota;Porifera;Demospongiae;Poecilosclerida;Podospongiidae;Diacarnus;Diacarnus spinipoculum
ERR1308239:1066250.631953	55	Eukaryota;Arthropoda;Insecta;Coleoptera;Chrysomelidae;Mimosestes;Mimosestes ulkei
ERR1308239:1115110.650463	54	Eukaryota;Porifera;Demospongiae;Poecilosclerida;Podospongiidae;Diacarnus;Diacarnus spinipoculum
ERR1308239:1010980.608890	51	Eukaryota;Arthropoda;Insecta;Diptera;Muscidae;Lispe;Lispe orientalis
ERR1308239:1071330.606423	51	Eukaryota;Mollusca;Gastropoda;Nudibranchia;Polyceridae;Tambja;Tambja ceutae
ERR1308239:1104790.693115	50	Eukaryota;Porifera;Demospongiae;Hadromerida;Tethyidae;Tethya;Tethya actinia
ERR1308239:1056120.603272	49	Eukaryota;Arthropoda;Insecta;Diptera;Sciaridae;Bradysia;Bradysia chlorocornea
ERR1308239:353310.615878	48	Eukaryota;Arthropoda;Insecta;Diptera;Tachinidae;Cyrtophleba;Cyrtophleba nitida
ERR1308239:1052370.619158	46	Eukaryota;Arthropoda;Insecta;Diptera;Sciaridae;Cratyna;Cratyna nobilis
ERR1308239:1260710.723551	46	Eukaryota;Porifera;Demospongiae;Poecilosclerida;Podospongiidae;Diacarnus;Diacarnus spinipoculum
ERR1308239:1507510.632029	46	Eukaryota;Nematoda;Chromadorea;Tylenchida;Meloidogynidae;Meloidogyne;Meloidogyne chitwoodi
ERR1308239:1012040.619086	45	Eukaryota;Arthropoda;Insecta;Diptera;Sarcophagidae;Ravinia;Ravinia errabunda
ERR1308239:1023560.606948	45	Eukaryota;Arthropoda;Malacostraca;Amphipoda;Crangonyctidae;Crangonyx;Crangonyx pseudogracilis
ERR1308239:1016510.615033	44	Eukaryota;Arthropoda;Insecta;Diptera;Muscidae;Lispe;Lispe orientalis
ERR1308239:101150.620458	43	Eukaryota;Arthropoda;Arachnida;Araneae;Linyphiidae;Porrhomma;Porrhomma montanum
ERR1308239:1020490.623923	40	Eukaryota;Arthropoda;Insecta;Hymenoptera;Formicidae;Lasius;Lasius niger
ERR1308239:1073930.613652	40	Eukaryota;Arthropoda;Arachnida;Araneae;Linyphiidae;Porrhomma;Porrhomma montanum
ERR1308239:637260.614804	40	Eukaryota;Arthropoda;Insecta;Diptera;Drosophilidae;Drosophila;Drosophila pseudobaimaii
ERR1308239:1247160.617239	38	Eukaryota;Arthropoda;Insecta;Diptera;Chironomidae;Psectrocladius;Psectrocladius octomaculatus
ERR1308239:1004950.623005	36	Eukaryota;Chordata;Actinopteri;Cypriniformes;Cyprinidae;Phoxinus;Phoxinus phoxinus
ERR1308239:1021980.630862	36	Eukaryota;Arthropoda;Malacostraca;Decapoda;Cambaridae;Orconectes;Orconectes jeffersoni
ERR1308239:1355800.604201	35	Eukaryota;Arthropoda;Insecta;Hymenoptera;Formicidae;Brachymyrmex;Brachymyrmex depilis
ERR1308239:1003940.624621	34	Eukaryota;Nematoda;Chromadorea;Rhabditida;Protostrongylidae;Protostrongylus;Protostrongylus rufescens
ERR1308239:1021050.619326	33	Eukaryota;Arthropoda;Insecta;Hymenoptera;Apidae;Apis;Apis mellifera
ERR1308239:1039780.633527	33	Eukaryota;Porifera;Demospongiae;Poecilosclerida;Podospongiidae;Diacarnus;Diacarnus spinipoculum
ERR1308239:1014280.611647	32	Eukaryota;Arthropoda;Insecta;Hymenoptera;Trigonalidae;Taeniogonalos;Taeniogonalos taihorina
ERR1308239:109710.608083	32	Eukaryota;Arthropoda;Insecta;Diptera;Cecidomyiidae;Contarinia;Contarinia fagi
ERR1308239:1118760.602343	32	Eukaryota;Porifera;Demospongiae;Astrophorida;Geodiidae;Geodia;Geodia papyracea
ERR1308239:1018980.603523	31	Eukaryota;Arthropoda;Insecta;Hemiptera;Delphacidae;Eurybregma;Eurybregma obesa
ERR1308239:1121470.600448	31	Eukaryota;Arthropoda;Insecta;Lepidoptera;Erebidae;Vamuna;Vamuna virilis
ERR1308239:2655920.622968	31	Eukaryota;Arthropoda;Insecta;Diptera;Drosophilidae;Drosophila;Drosophila karakasa
ERR1308239:1027550.603055	30	Eukaryota;Arthropoda;Insecta;Diptera;Sciomyzidae;Pherbellia;Pherbellia ventralis
ERR1308239:1033220.605303	30	Eukaryota;Entoprocta;Loxosomatidae;Loxosomella;Loxosomella aloxiata
ERR1308239:1102490.615135	29	Eukaryota;Entoprocta;Loxosomatidae;Loxocorone;Loxocorone allax
ERR1308239:1117230.616614	29	Eukaryota;Arthropoda;Insecta;Diptera;Ptychopteridae;Bittacomorphella;Bittacomorphella fenderiana
ERR1308239:1137600.622004	29	Eukaryota;Arthropoda;Malacostraca;Decapoda;Cambaridae;Cambarellus;Cambarellus diminutus
ERR1308239:1007020.606996	28	Eukaryota;Arthropoda;Insecta;Diptera;Tachinidae;Elodia;Elodia flavipalpis
ERR1308239:1008250.608458	28	Eukaryota;Arthropoda;Insecta;Diptera;Drosophilidae;Drosophila;Drosophila trifilum
ERR1308239:1047900.605302	28	Eukaryota;Arthropoda;Malacostraca;Decapoda;Cambaridae;Orconectes;Orconectes jeffersoni
ERR1308239:1032520.609261	27	Eukaryota;Arthropoda;Insecta;Lepidoptera;Crambidae;Paracymoriza;Paracymoriza distinctalis
ERR1308239:1223450.615686	27	Eukaryota;Arthropoda;Insecta;Hemiptera;Cicadellidae;Macrosteles;Macrosteles sexnotatus
ERR1308239:1002030.604606	26	Eukaryota;Arthropoda;Insecta;Lepidoptera;Noctuidae;Schinia;Schinia cognata
ERR1308239:1044270.632397	26	Eukaryota;Mollusca;Gastropoda;Bradybaenidae;Mastigeulota;Mastigeulota kiangsinensis
ERR1308239:1231640.705565	26	Eukaryota;Porifera;Demospongiae;Halichondrida;Axinellidae;Axinella;Axinella corrugata
ERR1308239:1016890.603597	25	Eukaryota;Arthropoda;Insecta;Diptera;Chironomidae;Limnophyes;Limnophyes pumilio
ERR1308239:1023610.604758	25	Eukaryota;Arthropoda;Insecta;Lepidoptera;Noctuidae;Noctua;Noctua atlantica
ERR1308239:1108020.620872	24	Eukaryota;Mollusca;Gastropoda;Nudibranchia;Polyceridae;Tambja;Tambja ceutae
ERR1308239:1194470.611848	24	Eukaryota;Nematoda;Chromadorea;Ascaridida;Ascarididae;Baylisascaris;Baylisascaris ailuri
ERR1308239:1003490.608673	23	Eukaryota;Arthropoda;Insecta;Diptera;Drosophilidae;Drosophila;Drosophila nigella
ERR1308239:1019130.602426	23	Eukaryota;Arthropoda;Insecta;Diptera;Sciomyzidae;Pherbellia;Pherbellia silana
ERR1308239:1036150.635336	23	Eukaryota;Mollusca;Gastropoda;Ancylidae;Ancylus;Ancylus fluviatilis
ERR1308239:1037540.603255	23	Eukaryota;Arthropoda;Insecta;Hymenoptera;Vespidae;Vespula;Vespula vulgaris
ERR1308239:1050680.604320	22	Eukaryota;Arthropoda;Insecta;Diptera;Chironomidae;Pseudorthocladius;Pseudorthocladius filiformis
ERR1308239:1065140.611192	22	Eukaryota;Arthropoda;Insecta;Raphidioptera;Inocelliidae;Negha;Negha inflata
ERR1308239:1077650.746911	22	Eukaryota;Arthropoda;Malacostraca;Amphipoda;Hadziidae;Bahadzia;Bahadzia jaraguensis
ERR1308239:2097480.684953	22	Eukaryota;Arthropoda;Insecta;Hemiptera;Aleyrodidae;Vasdavidius;Vasdavidius concursus
ERR1308239:1138460.610016	21	Eukaryota;Arthropoda;Maxillopoda;Calanoida;Acartiidae;Acartia;Acartia levequei
ERR1308239:1451410.678281	21	Eukaryota;Echinodermata;Crinoidea;Cyrtocrinida;Holopodidae;Holopus;Holopus rangii
ERR1308239:1018310.605251	20	Eukaryota;Arthropoda;Insecta;Diptera;Simuliidae;Simulium;Simulium verecundum
ERR1308239:1026130.612541	20	Eukaryota;Annelida;Hirudinida;Arhynchobdellida;Haemadipsidae;Philaemon;Philaemon mediorubra
ERR1308239:1034310.611004	20	Eukaryota;Arthropoda;Insecta;Diptera;Drosophilidae;Drosophila;Drosophila nappae
ERR1308239:1055590.631942	20	Eukaryota;Arthropoda;Insecta;Diptera;Drosophilidae;Drosophila;Drosophila orosa
ERR1308239:1098960.628925	20	Eukaryota;Arthropoda;Insecta;Diptera;Muscidae;Lispe;Lispe orientalis
ERR1308239:1114950.613144	20	Eukaryota;Arthropoda;Insecta;Diptera;Drosophilidae;Phortica;Phortica fangae
ERR1308239:1071550.601681	19	Eukaryota;Arthropoda;Insecta;Diptera;Drosophilidae;Drosophila;Drosophila pseudobaimaii
ERR1308239:1072850.613552	19	Eukaryota;Arthropoda;Insecta;Diptera;Sciomyzidae;Pherbellia;Pherbellia silana
ERR1308239:119930.610170	19	Eukaryota;Mollusca;Gastropoda;Nudibranchia;Polyceridae;Roboastra;Roboastra europaea
ERR1308239:16930.618377	19	Eukaryota;Arthropoda;Malacostraca;Decapoda;Cambaridae;Orconectes;Orconectes durelli
ERR1308239:1017820.616737	18	Eukaryota;Arthropoda;Insecta;Diptera;Chironomidae;Polypedilum;Pentapedilum sordens
ERR1308239:2110930.723201	18	Eukaryota;Mollusca;Gastropoda;Bradybaenidae;Dolicheulota;Dolicheulota formosensis
ERR1308239:1032170.610424	17	Eukaryota;Porifera;Demospongiae;Verongida;Aplysinidae;Aplysina;Aplysina cauliformis
ERR1308239:1040380.606500	17	Eukaryota;Arthropoda;Insecta;Diptera;Drosophilidae;Drosophila;Drosophila karakasa
ERR1308239:1205520.609931	17	Eukaryota;Arthropoda;Insecta;Hymenoptera;Braconidae;Opius;Opius pactus
ERR1308239:1006780.602126	16	Eukaryota;Nematoda;Chromadorea;Rhabditida;Protostrongylidae;Protostrongylus;Protostrongylus rufescens
ERR1308239:1112700.613825	15	Eukaryota;Mollusca;Gastropoda;Vertiginidae;Vertigo;Vertigo pusilla
ERR1308239:1114310.610248	15	Eukaryota;Arthropoda;Insecta;Hymenoptera;Braconidae;Phanerotoma;Phanerotoma flava
ERR1308239:1152410.610058	15	Eukaryota;Arthropoda;Insecta;Lepidoptera;Papilionidae;Euryades;Euryades duponchelii
ERR1308239:1260730.607197	15	Eukaryota;Arthropoda;Ostracoda;Podocopida;Cyprididae;Cypridopsis;Cypridopsis vidua
ERR1308239:140500.600305	15	Eukaryota;Entoprocta;Loxosomatidae;Loxocorone;Loxocorone allax
ERR1308239:1035890.720797	14	Eukaryota;Nematoda;Chromadorea;Rhabditida;Trichostrongylidae;Trichostrongylus;Trichostrongylus vitrinus
ERR1308239:1048880.623666	14	Eukaryota;Arthropoda;Insecta;Diptera;Chironomidae;Thienemanniella;Thienemanniella xena
ERR1308239:1455260.715140	14	Eukaryota;Porifera;Demospongiae;Halichondrida;Axinellidae;Axinella;Axinella corrugata
ERR1308239:1004310.618628	13	Eukaryota;Porifera;Demospongiae;Halichondrida;Axinellidae;Ptilocaulis;Ptilocaulis walpersi
ERR1308239:1097720.612556	13	Eukaryota;Arthropoda;Insecta;Lepidoptera;Tortricidae;Acleris;Acleris braunana
ERR1308239:111010.622563	13	Eukaryota;Entoprocta;Loxosomatidae;Loxocorone;Loxocorone allax
ERR1308239:14600.604511	13	Eukaryota;Nemertea;Enopla;Monostilifera;Prosorhochmidae;Prosadenoporus;Prosadenoporus spectaculum
ERR1308239:1001660.638789	12	Eukaryota;Arthropoda;Malacostraca;Decapoda;Cambaridae;Orconectes;Orconectes putnami
ERR1308239:1025180.623444	12	Eukaryota;Chordata;Branchiostomidae;Asymmetron;Asymmetron inferum
ERR1308239:1083420.623178	12	Eukaryota;Arthropoda;Insecta;Diptera;Muscidae;Lispe;Lispe orientalis
ERR1308239:1103170.606853	12	Eukaryota;Arthropoda;Insecta;Diptera;Drosophilidae;Drosophila;Drosophila trifilum
ERR1308239:1666090.604611	12	Eukaryota;Entoprocta;Loxosomatidae;Loxosomella;Loxosomella aloxiata
ERR1308239:1016710.603854	11	Eukaryota;Arthropoda;Insecta;Diptera;Drosophilidae;Drosophila;Drosophila soonae
ERR1308239:1132930.603386	11	Eukaryota;Porifera;Demospongiae;Halichondrida;Axinellidae;Ptilocaulis;Ptilocaulis walpersi
ERR1308239:1250740.601865	11	Eukaryota;Arthropoda;Insecta;Lepidoptera;Papilionidae;Euryades;Euryades duponchelii
ERR1308239:1555220.603134	11	Eukaryota;Nemertea;Enopla;Monostilifera;Tetrastemmatidae;Prostoma;Prostoma graecense
ERR1308239:106470.634257	10	Eukaryota;Arthropoda;Insecta;Hymenoptera;Braconidae;Phanerotoma;Phanerotoma flava
ERR1308239:1086370.600686	10	Eukaryota;Arthropoda;Pycnogonida;Pantopoda;Ammotheidae;Achelia;Achelia bituberculata
ERR1308239:1114600.624760	10	Eukaryota;Cnidaria;Anthozoa;Antipatharia;Antipathidae;Stichopathes;Stichopathes lutkeni
ERR1308239:1147710.626608	10	Eukaryota;Arthropoda;Insecta;Diptera;Agromyzidae;Phytomyza;Phytomyza plantaginis
ERR1308239:1168320.601331	10	Eukaryota;Mollusca;Gastropoda;Bradybaenidae;Dolicheulota;Dolicheulota formosensis
ERR1308239:1264530.608659	10	Eukaryota;Arthropoda;Insecta;Diptera;Drosophilidae;Drosophila;Drosophila orosa
ERR1308239:1824710.613933	10	Eukaryota;Entoprocta;Loxosomatidae;Loxosomella;Loxosomella aloxiata
ERR1308239:2084960.603765	10	Eukaryota;Mollusca;Gastropoda;Physidae;Physella;Physella acuta
ERR1308239:1002210.604570	9	Eukaryota;Mollusca;Bivalvia;Veneroida;Vesicomyidae;Vesicomya;Vesicomya stearnsii
ERR1308239:1040730.607574	9	Eukaryota;Arthropoda;Insecta;Lepidoptera;Papilionidae;Papilio;Papilio erostratus
ERR1308239:1043040.617434	9	Eukaryota;Arthropoda;Insecta;Diptera;Drosophilidae;Drosophila;Drosophila pilosa
ERR1308239:1064150.601499	9	Eukaryota;Porifera;Demospongiae;Hadromerida;Hemiasterellidae;Axos;Axos cliftoni
ERR1308239:2086110.725937	9	Eukaryota;Entoprocta;Loxosomatidae;Loxocorone;Loxocorone allax
ERR1308239:2122120.742149	9	Eukaryota;Arthropoda;Insecta;Hymenoptera;Braconidae;Phanerotoma;Phanerotoma flava
ERR1308239:1098450.619055	8	Eukaryota;Arthropoda;Insecta;Coleoptera;Gyrinidae;Orectochilus;Orectochilus villosus
ERR1308239:1113840.629008	8	Eukaryota;Arthropoda;Insecta;Hymenoptera;Braconidae;Adialytus;Adialytus salicaphis
ERR1308239:1114020.605407	8	Eukaryota;Arthropoda;Insecta;Diptera;Drosophilidae;Drosophila;Drosophila pseudobaimaii
ERR1308239:1249070.609319	8	Eukaryota;Arthropoda;Insecta;Lepidoptera;Papilionidae;Euryades;Euryades duponchelii
ERR1308239:1366240.601671	8	Eukaryota;Arthropoda;Insecta;Diptera;Muscidae;Atherigona;Atherigona nigritibiella
ERR1308239:1525120.627385	8	Eukaryota;Entoprocta;Loxosomatidae;Loxocorone;Loxocorone allax
ERR1308239:1720500.610435	8	Eukaryota;Arthropoda;Insecta;Lepidoptera;Tortricidae;Pandemis;Pandemis lamprosana
ERR1308239:2004720.620097	8	Eukaryota;Chordata;Mammalia;Insectivora;Soricidae;Crocidura;Crocidura panayensis
ERR1308239:2941230.608482	8	Eukaryota;Arthropoda;Arachnida;Araneae;Linyphiidae;Gonatium;Gonatium rubellum
ERR1308239:1001570.613332	7	Eukaryota;Arthropoda;Insecta;Lepidoptera;Nymphalidae;Neptis;Neptis soma
ERR1308239:1002450.608829	7	Eukaryota;Annelida;Hirudinida;Arhynchobdellida;Haemadipsidae;Philaemon;Philaemon pungens
ERR1308239:1034970.613206	7	Eukaryota;Arthropoda;Insecta;Diptera;Drosophilidae;Drosophila;Drosophila haleakalae
ERR1308239:1060750.603134	7	Eukaryota;Mollusca;Gastropoda;Nudibranchia;Polyceridae;Roboastra;Roboastra europaea
ERR1308239:1115820.602265	7	Eukaryota;Cnidaria;Hydrozoa;Anthoathecata;Pennariidae;Pennaria;Pennaria disticha
ERR1308239:1133780.636329	7	Eukaryota;Arthropoda;Insecta;Hymenoptera;Braconidae;Diaeretellus;Diaeretellus svalbardicum
ERR1308239:1154320.602140	7	Eukaryota;Arthropoda;Insecta;Diptera;Muscidae;Atherigona;Atherigona nigritibiella
ERR1308239:119720.600659	7	Eukaryota;Arthropoda;Insecta;Diptera;Tephritidae;Procecidochares;Procecidochares utilis
ERR1308239:1247730.624989	7	Eukaryota;Arthropoda;Insecta;Diptera;Drosophilidae;Phortica;Phortica fangae
ERR1308239:1425780.603655	7	Eukaryota;Arthropoda;Insecta;Hymenoptera;Formicidae;Brachymyrmex;Brachymyrmex depilis
ERR1308239:2404660.634214	7	Eukaryota;Arthropoda;Insecta;Diptera;Sciomyzidae;Pherbellia;Pherbellia silana
ERR1308239:1008100.606931	6	Eukaryota;Arthropoda;Insecta;Diptera;Drosophilidae;Apenthecia;Apenthecia argentata
ERR1308239:1014910.612431	6	Eukaryota;Arthropoda;Insecta;Diptera;Drosophilidae;Drosophila;Drosophila medioimpressa
ERR1308239:1021270.600848	6	Eukaryota;Arthropoda;Insecta;Diptera;Drosophilidae;Drosophila;Drosophila pseudobaimaii
ERR1308239:1072670.603957	6	Eukaryota;Porifera;Demospongiae;Poecilosclerida;Podospongiidae;Diacarnus;Diacarnus spinipoculum
ERR1308239:1116000.607898	6	Eukaryota;Arthropoda;Insecta;Lepidoptera;Geometridae;Charissa;Charissa crenulata
ERR1308239:11710.630388	6	Eukaryota;Arthropoda;Malacostraca;Cumacea;Bodotriidae;Cyclaspis;Cyclaspis alba
ERR1308239:1220750.718603	6	Eukaryota;Chordata;Ascidiacea;Stolidobranchia;Styelidae;Polycarpa;Polycarpa mytiligera
ERR1308239:1228860.622251	6	Eukaryota;Arthropoda;Malacostraca;Decapoda;Cambaridae;Orconectes;Orconectes sloanii
ERR1308239:1332120.602963	6	Eukaryota;Entoprocta;Loxosomatidae;Loxocorone;Loxocorone allax
ERR1308239:161530.632449	6	Eukaryota;Arthropoda;Insecta;Diptera;Chironomidae;Smittia;Smittia edwardsi
ERR1308239:1629210.605409	6	Eukaryota;Arthropoda;Insecta;Diptera;Drosophilidae;Apenthecia;Apenthecia argentata
ERR1308239:2088610.663883	6	Eukaryota;Mollusca;Gastropoda;Bradybaenidae;Dolicheulota;Dolicheulota formosensis
ERR1308239:2099480.731277	6	Eukaryota;Nematoda;Chromadorea;Rhabditida;Trichostrongylidae;Trichostrongylus;Trichostrongylus vitrinus
ERR1308239:2106050.738621	6	Eukaryota;Mollusca;Gastropoda;Bradybaenidae;Dolicheulota;Dolicheulota formosensis
ERR1308239:2372720.613475	6	Eukaryota;Arthropoda;Insecta;Diptera;Muscidae;Lispe;Lispe orientalis
ERR1308239:2420870.609506	6	Eukaryota;Arthropoda;Pycnogonida;Pantopoda;Ammotheidae;Achelia;Achelia bituberculata
ERR1308239:1092320.615483	5	Eukaryota;Arthropoda;Insecta;Diptera;Ceratopogonidae;Forcipomyia;Forcipomyia alacris
ERR1308239:1207080.603819	5	Eukaryota;Arthropoda;Insecta;Diptera;Drosophilidae;Stegana;Stegana xui
ERR1308239:1244270.639222	5	Eukaryota;Nematoda;Chromadorea;Rhabditida;Trichostrongylidae;Trichostrongylus;Trichostrongylus vitrinus
ERR1308239:142130.621287	5	Eukaryota;Porifera;Demospongiae;Halichondrida;Axinellidae;Ptilocaulis;Ptilocaulis walpersi
ERR1308239:1719410.631324	5	Eukaryota;Entoprocta;Loxosomatidae;Loxosomella;Loxosomella aloxiata
ERR1308239:182130.650567	5	Eukaryota;Porifera;Demospongiae;Halichondrida;Axinellidae;Ptilocaulis;Ptilocaulis walpersi
ERR1308239:2030070.606652	5	Eukaryota;Mollusca;Gastropoda;Bradybaenidae;Mastigeulota;Mastigeulota kiangsinensis
ERR1308239:2047660.690458	5	Eukaryota;Arthropoda;Insecta;Lepidoptera;Prodoxidae;Parategeticula;Parategeticula elephantipella
ERR1308239:2092810.705318	5	Eukaryota;Entoprocta;Loxosomatidae;Loxocorone;Loxocorone allax
ERR1308239:2512350.609766	5	Eukaryota;Arthropoda;Insecta;Diptera;Sciomyzidae;Tetanura;Tetanura pallidiventris
ERR1308239:2667010.610208	5	Eukaryota;Arthropoda;Insecta;Diptera;Drosophilidae;Drosophila;Drosophila kanapiae
ERR1308239:1029970.614742	4	Eukaryota;Arthropoda;Insecta;Diptera;Drosophilidae;Scaptomyza;Scaptomyza remota
ERR1308239:1030470.618216	4	Eukaryota;Arthropoda;Insecta;Diptera;Chironomidae;Metriocnemus;Metriocnemus albolineatus
ERR1308239:1107230.608676	4	Eukaryota;Annelida;Haplotaxida;Naididae;Nais;Nais barbata
ERR1308239:1139520.686955	4	Eukaryota;Nematoda;Chromadorea;Rhabditida;Protostrongylidae;Protostrongylus;Protostrongylus rufescens
ERR1308239:114040.601369	4	Eukaryota;Chordata;Actinopteri;Siluriformes;Loricariidae;Peckoltia;Peckoltia lineola
ERR1308239:1150300.633086	4	Eukaryota;Porifera;Demospongiae;Hadromerida;Tethyidae;Tethya;Tethya californiana
ERR1308239:1325330.622952	4	Eukaryota;Entoprocta;Loxosomatidae;Loxocorone;Loxocorone allax
ERR1308239:1330810.617853	4	Eukaryota;Mollusca;Gastropoda;Volutidae;Alcithoe;Alcithoe fusus
ERR1308239:1397600.603875	4	Eukaryota;Arthropoda;Insecta;Hemiptera;Delphacidae;Kelisia;Kelisia vesiculata
ERR1308239:174200.608919	4	Eukaryota;Arthropoda;Malacostraca;Decapoda;Cambaridae;Orconectes;Orconectes stannardi
ERR1308239:1826560.635738	4	Eukaryota;Arthropoda;Insecta;Lepidoptera;Geometridae;Apocheima;Apocheima cinerarius
ERR1308239:2017580.616156	4	Eukaryota;Mollusca;Gastropoda;Bradybaenidae;Dolicheulota;Dolicheulota formosensis
ERR1308239:2109260.697300	4	Eukaryota;Platyhelminthes;Cestoda;Tetrabothriidea;Tetrabothriidae;Tetrabothrius;Tetrabothrius erostris
ERR1308239:2135160.637917	4	Eukaryota;Porifera;Demospongiae;Poecilosclerida;Podospongiidae;Diacarnus;Diacarnus spinipoculum
ERR1308239:2400150.612264	4	Eukaryota;Bryozoa;Gymnolaemata;Cheilostomatida;Calloporidae;Callopora;Callopora lineata
ERR1308239:2400470.608669	4	Eukaryota;Chordata;Mammalia;Chiroptera;Vespertilionidae;Myotis;Myotis daubentonii
ERR1308239:2663180.617455	4	Eukaryota;Mollusca;Gastropoda;Lymnaeidae;Radix;Radix swinhoei
ERR1308239:2689320.625979	4	Eukaryota;Arthropoda;Insecta;Diptera;Chironomidae;Procladius;Procladius signatus
ERR1308239:2965950.604027	4	Eukaryota;Nematoda;Chromadorea;Rhabditida;Protostrongylidae;Protostrongylus;Protostrongylus rufescens
ERR1308239:1027770.605104	3	Eukaryota;Arthropoda;Insecta;Diptera;Chironomidae;Parachironomus;Parachironomus delinificus
ERR1308239:1116950.688527	3	Eukaryota;Arthropoda;Malacostraca;Decapoda;Callianassidae;Trypaea;Trypaea australiensis
ERR1308239:1122500.617642	3	Eukaryota;Arthropoda;Insecta;Hymenoptera;Braconidae;Phanerotoma;Phanerotoma flava
ERR1308239:115970.604090	3	Eukaryota;Mollusca;Gastropoda;Bradybaenidae;Mastigeulota;Mastigeulota kiangsinensis
ERR1308239:1197160.608916	3	Eukaryota;Annelida;Hirudinida;Arhynchobdellida;Haemadipsidae;Philaemon;Philaemon pungens
ERR1308239:1237280.644512	3	Eukaryota;Arthropoda;Insecta;Lepidoptera;Papilionidae;Euryades;Euryades duponchelii
ERR1308239:1725870.718169	3	Eukaryota;Nemertea;Anopla;Heteronemertea;Lineidae;Micrura;Micrura bella
ERR1308239:1903300.739499	3	Eukaryota;Mollusca;Gastropoda;Lymnaeidae;Radix;Radix swinhoei
ERR1308239:2084570.709407	3	Eukaryota;Arthropoda;Malacostraca;Decapoda;Cambaridae;Orconectes;Orconectes durelli
ERR1308239:2091800.629044	3	Eukaryota;Porifera;Demospongiae;Halichondrida;Axinellidae;Axinella;Axinella corrugata
ERR1308239:2093310.701207	3	Eukaryota;Arthropoda;Arachnida;Scorpiones;Buthidae;Centruroides;Centruroides nigrimanus
ERR1308239:2146950.609149	3	Eukaryota;Arthropoda;Insecta;Lepidoptera;Geometridae;Campaea;Campaea margaritaria
ERR1308239:2161470.650142	3	Eukaryota;Mollusca;Gastropoda;Bradybaenidae;Dolicheulota;Dolicheulota formosensis
ERR1308239:2173350.615768	3	Eukaryota;Arthropoda;Insecta;Diptera;Tabanidae;Cydistomyia;Cydistomyia duplonotata
ERR1308239:2176930.692433	3	Eukaryota;Arthropoda;Insecta;Hemiptera;Aleyrodidae;Vasdavidius;Vasdavidius concursus
ERR1308239:2277790.616676	3	Eukaryota;Arthropoda;Insecta;Lepidoptera;Papilionidae;Protesilaus;Protesilaus glaucolaus
ERR1308239:2387330.610468	3	Eukaryota;Nematoda;Chromadorea;Rhabditida;Dictyocaulidae;Dictyocaulus;Dictyocaulus eckerti
ERR1308239:2399070.603906	3	Eukaryota;Arthropoda;Insecta;Lepidoptera;Cosmopterigidae;Eteobalea;Eteobalea intermediella
ERR1308239:2409850.600119	3	Eukaryota;Arthropoda;Insecta;Diptera;Calliphoridae;Pollenia;Pollenia labialis
ERR1308239:2477860.618086	3	Eukaryota;Arthropoda;Arachnida;Araneae;Linyphiidae;Tenuiphantes;Tenuiphantes tenuis
ERR1308239:2589430.607014	3	Eukaryota;Arthropoda;Arachnida;Scorpiones;Buthidae;Centruroides;Centruroides nigrescens
ERR1308239:2681440.615088	3	Eukaryota;Arthropoda;Insecta;Diptera;Chironomidae;Corynoneura;Corynoneura arctica
ERR1308239:3134350.605487	3	Eukaryota;Arthropoda;Arachnida;Araneae;Tetragnathidae;Metellina;Metellina mengei
ERR1308239:3292760.644719	3	Eukaryota;Nematoda;Chromadorea;Rhabditida;Trichostrongylidae;Trichostrongylus;Trichostrongylus vitrinus
ERR1308239:3353250.614567	3	Eukaryota;Entoprocta;Loxosomatidae;Loxocorone;Loxocorone allax
