LWR	fract	aLWR	afract	taxopath
53.31	0.0442	415	0.3441	Eukaryota
4.034	0.003345	58.19	0.04825	Eukaryota;Arthropoda
0.9729	0.0008066	1.223	0.001014	Eukaryota;Arthropoda;Insecta
0.2078	0.0001723	0.2078	0.0001723	Eukaryota;Arthropoda;Insecta;Embioptera
0	0	2.109e-05	1.748e-08	Eukaryota;Arthropoda;Insecta;Zoraptera
2.109e-05	1.748e-08	2.109e-05	1.748e-08	Eukaryota;Arthropoda;Insecta;Zoraptera;Zorotypidae
0.01512	1.254e-05	0.01512	1.254e-05	Eukaryota;Arthropoda;Insecta;Ephemeroptera
0.02681	2.223e-05	0.02681	2.223e-05	Eukaryota;Arthropoda;Insecta;Phthiraptera
1.89e-05	1.567e-08	1.89e-05	1.567e-08	Eukaryota;Arthropoda;Insecta;Mantophasmatodea
1.64e-05	1.36e-08	1.64e-05	1.36e-08	Eukaryota;Arthropoda;Insecta;Phasmatodea
0.9962	0.000826	0.9962	0.000826	Eukaryota;Arthropoda;Remipedia
36.15	0.02997	47.2	0.03913	Eukaryota;Arthropoda;Hexanauplia
0	0	0.001907	1.581e-06	Eukaryota;Arthropoda;Hexanauplia;Platycopioida
0	0	0.001907	1.581e-06	Eukaryota;Arthropoda;Hexanauplia;Platycopioida;Platycopiidae
0	0	0.001907	1.581e-06	Eukaryota;Arthropoda;Hexanauplia;Platycopioida;Platycopiidae;Nanocopia
0.001907	1.581e-06	0.001907	1.581e-06	Eukaryota;Arthropoda;Hexanauplia;Platycopioida;Platycopiidae;Nanocopia;Nanocopia_minuta
1.318	0.001093	1.318	0.001093	Eukaryota;Arthropoda;Hexanauplia;Misophrioida
9.62	0.007976	9.62	0.007976	Eukaryota;Arthropoda;Hexanauplia;Calanoida
0	0	0.08855	7.342e-05	Eukaryota;Arthropoda;Hexanauplia;Mormonilloida
0.08855	7.342e-05	0.08855	7.342e-05	Eukaryota;Arthropoda;Hexanauplia;Mormonilloida;Mormonillidae
0.005726	4.748e-06	0.005726	4.748e-06	Eukaryota;Arthropoda;Hexanauplia;Siphonostomatoida
0.01246	1.033e-05	0.01246	1.033e-05	Eukaryota;Arthropoda;Hexanauplia;Poecilostomatoida
1.516	0.001257	3.78	0.003134	Eukaryota;Arthropoda;Malacostraca
0.179	0.0001484	0.179	0.0001484	Eukaryota;Arthropoda;Malacostraca;Stomatopoda
0.08851	7.339e-05	0.08851	7.339e-05	Eukaryota;Arthropoda;Malacostraca;Euphausiacea
1.995	0.001654	1.995	0.001654	Eukaryota;Arthropoda;Malacostraca;Decapoda
0.001954	1.62e-06	0.001954	1.62e-06	Eukaryota;Arthropoda;Malacostraca;Cumacea
0	0	0.5859	0.0004858	Eukaryota;Arthropoda;Ichthyostraca
0	0	0.5859	0.0004858	Eukaryota;Arthropoda;Ichthyostraca;Arguloida
0	0	0.5859	0.0004858	Eukaryota;Arthropoda;Ichthyostraca;Arguloida;Argulidae
0.5859	0.0004858	0.5859	0.0004858	Eukaryota;Arthropoda;Ichthyostraca;Arguloida;Argulidae;Argulus
0	0	0.1708	0.0001416	Eukaryota;Arthropoda;Arachnida
0	0	0.02148	1.781e-05	Eukaryota;Arthropoda;Arachnida;Opilioacarida
0	0	0.02148	1.781e-05	Eukaryota;Arthropoda;Arachnida;Opilioacarida;Opilioacaridae
0	0	0.02148	1.781e-05	Eukaryota;Arthropoda;Arachnida;Opilioacarida;Opilioacaridae;Neocarus
0.02148	1.781e-05	0.02148	1.781e-05	Eukaryota;Arthropoda;Arachnida;Opilioacarida;Opilioacaridae;Neocarus;Neocarus_bajacalifornicus
0.1493	0.0001238	0.1493	0.0001238	Eukaryota;Arthropoda;Arachnida;Pseudoscorpiones
0	0	0.2047	0.0001698	Eukaryota;Arthropoda;Diplopoda
0	0	0.2047	0.0001698	Eukaryota;Arthropoda;Diplopoda;Polyzoniida
0.2047	0.0001698	0.2047	0.0001698	Eukaryota;Arthropoda;Diplopoda;Polyzoniida;Polyzoniidae
5.826	0.004831	32.67	0.02709	Eukaryota;Annelida
16.08	0.01334	21.85	0.01811	Eukaryota;Annelida;Polychaeta
1.563	0.001296	1.563	0.001296	Eukaryota;Annelida;Polychaeta;Spionida
0	0	0.5233	0.0004339	Eukaryota;Annelida;Polychaeta;Nerillidae
0.5233	0.0004339	0.5233	0.0004339	Eukaryota;Annelida;Polychaeta;Nerillidae;Nerillidae
0.286	0.0002371	0.286	0.0002371	Eukaryota;Annelida;Polychaeta;Phyllodocida
1.136	0.0009419	1.136	0.0009419	Eukaryota;Annelida;Polychaeta;Terebellida
0	0	0.278	0.0002305	Eukaryota;Annelida;Polychaeta;Saccocirridae
0.278	0.0002305	0.278	0.0002305	Eukaryota;Annelida;Polychaeta;Saccocirridae;Saccocirridae
1.013	0.0008403	1.013	0.0008403	Eukaryota;Annelida;Polychaeta;Capitellida
0.05023	4.164e-05	0.05023	4.164e-05	Eukaryota;Annelida;Polychaeta;Eunicida
0	0	0.0859	7.122e-05	Eukaryota;Annelida;Polychaeta;Protodrilidae
0.0859	7.122e-05	0.0859	7.122e-05	Eukaryota;Annelida;Polychaeta;Protodrilidae;Protodrilidae
0	0	0.06687	5.544e-05	Eukaryota;Annelida;Polychaeta;Polygordiidae
0	0	0.06687	5.544e-05	Eukaryota;Annelida;Polychaeta;Polygordiidae;Polygordiidae
0.06687	5.544e-05	0.06687	5.544e-05	Eukaryota;Annelida;Polychaeta;Polygordiidae;Polygordiidae;Polygordius
0	0	0.007732	6.411e-06	Eukaryota;Annelida;Polychaeta;Psammodrilidae
0	0	0.007732	6.411e-06	Eukaryota;Annelida;Polychaeta;Psammodrilidae;Psammodrilidae
0.007732	6.411e-06	0.007732	6.411e-06	Eukaryota;Annelida;Polychaeta;Psammodrilidae;Psammodrilidae;Psammodrilus
0	0	0.4538	0.0003762	Eukaryota;Annelida;Polychaeta;Paraonidae
0.4538	0.0003762	0.4538	0.0003762	Eukaryota;Annelida;Polychaeta;Paraonidae;Paraonidae
0	0	7.476e-07	6.199e-10	Eukaryota;Annelida;Polychaeta;Potamodrilidae
0	0	7.476e-07	6.199e-10	Eukaryota;Annelida;Polychaeta;Potamodrilidae;Potamodrilus
0	0	7.476e-07	6.199e-10	Eukaryota;Annelida;Polychaeta;Potamodrilidae;Potamodrilus;Potamodrilus
7.476e-07	6.199e-10	7.476e-07	6.199e-10	Eukaryota;Annelida;Polychaeta;Potamodrilidae;Potamodrilus;Potamodrilus;Potamodrilus_fluviatilis
0	0	0.05142	4.263e-05	Eukaryota;Annelida;Polychaeta;Opheliidae
0.05142	4.263e-05	0.05142	4.263e-05	Eukaryota;Annelida;Polychaeta;Opheliidae;Opheliidae
0	0	0.1342	0.0001112	Eukaryota;Annelida;Polychaeta;Flabelligerida
0.1342	0.0001112	0.1342	0.0001112	Eukaryota;Annelida;Polychaeta;Flabelligerida;Flabelligeridae
0	0	0.1128	9.352e-05	Eukaryota;Annelida;Polychaeta;Questidae
0	0	0.1128	9.352e-05	Eukaryota;Annelida;Polychaeta;Questidae;Questidae
0	0	0.1128	9.352e-05	Eukaryota;Annelida;Polychaeta;Questidae;Questidae;Questa
0.1128	9.352e-05	0.1128	9.352e-05	Eukaryota;Annelida;Polychaeta;Questidae;Questidae;Questa;Questa_ersei
0	0	3.19e-05	2.645e-08	Eukaryota;Annelida;Polychaeta;Orbiniidae
3.19e-05	2.645e-08	3.19e-05	2.645e-08	Eukaryota;Annelida;Polychaeta;Orbiniidae;Orbiniidae
3.679	0.003051	5.002	0.004147	Eukaryota;Annelida;Clitellata
0	0	0.7669	0.0006359	Eukaryota;Annelida;Clitellata;Capilloventridae
0	0	0.7669	0.0006359	Eukaryota;Annelida;Clitellata;Capilloventridae;Capilloventridae
0	0	0.7669	0.0006359	Eukaryota;Annelida;Clitellata;Capilloventridae;Capilloventridae;Capilloventer
0.7669	0.0006359	0.7669	0.0006359	Eukaryota;Annelida;Clitellata;Capilloventridae;Capilloventridae;Capilloventer;Capilloventer_australis
0.5554	0.0004605	0.5554	0.0004605	Eukaryota;Annelida;Clitellata;Haplotaxida
0	0	5.818e-06	4.824e-09	Eukaryota;Annelida;Clitellata;Enchytraeida
5.818e-06	4.824e-09	5.818e-06	4.824e-09	Eukaryota;Annelida;Clitellata;Enchytraeida;Enchytraeidae
0.9824	0.0008146	19.29	0.01599	Eukaryota;Mollusca
0.06016	4.988e-05	1.263	0.001047	Eukaryota;Mollusca;Cephalopoda
0	0	0.02016	1.672e-05	Eukaryota;Mollusca;Cephalopoda;Spirulida
0	0	0.02016	1.672e-05	Eukaryota;Mollusca;Cephalopoda;Spirulida;Spirulidae
0	0	0.02016	1.672e-05	Eukaryota;Mollusca;Cephalopoda;Spirulida;Spirulidae;Spirula
0.02016	1.672e-05	0.02016	1.672e-05	Eukaryota;Mollusca;Cephalopoda;Spirulida;Spirulidae;Spirula;Spirula_spirula
0	0	1.183	0.0009805	Eukaryota;Mollusca;Cephalopoda;Nautilida
1.183	0.0009805	1.183	0.0009805	Eukaryota;Mollusca;Cephalopoda;Nautilida;Nautilidae
6.385	0.005294	15.56	0.0129	Eukaryota;Mollusca;Gastropoda
0	0	0.3763	0.000312	Eukaryota;Mollusca;Gastropoda;Turritellidae
0.3763	0.000312	0.3763	0.000312	Eukaryota;Mollusca;Gastropoda;Turritellidae;Turritellidae
0	0	0.103	8.538e-05	Eukaryota;Mollusca;Gastropoda;Cocculinidae
0.103	8.538e-05	0.103	8.538e-05	Eukaryota;Mollusca;Gastropoda;Cocculinidae;Cocculinidae
0.01679	1.392e-05	0.01679	1.392e-05	Eukaryota;Mollusca;Gastropoda;Architaenioglossa
0	0	0.6039	0.0005007	Eukaryota;Mollusca;Gastropoda;Lepetidae
0.6039	0.0005007	0.6039	0.0005007	Eukaryota;Mollusca;Gastropoda;Lepetidae;Lepetidae
0	0	0.002559	2.122e-06	Eukaryota;Mollusca;Gastropoda;Nacellidae
0.002559	2.122e-06	0.002559	2.122e-06	Eukaryota;Mollusca;Gastropoda;Nacellidae;Nacellidae
0	0	0.5383	0.0004463	Eukaryota;Mollusca;Gastropoda;Modulidae
0	0	0.5383	0.0004463	Eukaryota;Mollusca;Gastropoda;Modulidae;Modulidae
0	0	0.5383	0.0004463	Eukaryota;Mollusca;Gastropoda;Modulidae;Modulidae;Modulus
0.5383	0.0004463	0.5383	0.0004463	Eukaryota;Mollusca;Gastropoda;Modulidae;Modulidae;Modulus;Modulus_modulus
0.3325	0.0002757	0.3325	0.0002757	Eukaryota;Mollusca;Gastropoda;Aplysiida
0.5934	0.000492	0.5934	0.000492	Eukaryota;Mollusca;Gastropoda;Umbraculida
0.8036	0.0006663	0.8036	0.0006663	Eukaryota;Mollusca;Gastropoda;Cephalaspidea
0.3447	0.0002858	0.3447	0.0002858	Eukaryota;Mollusca;Gastropoda;Lepetellida
0	0	0.05793	4.803e-05	Eukaryota;Mollusca;Gastropoda;Rhodopidae
0.05793	4.803e-05	0.05793	4.803e-05	Eukaryota;Mollusca;Gastropoda;Rhodopidae;Rhodopidae
0	0	0.4718	0.0003912	Eukaryota;Mollusca;Gastropoda;Triphoridae
0.4718	0.0003912	0.4718	0.0003912	Eukaryota;Mollusca;Gastropoda;Triphoridae;Triphoridae
0	0	0.02006	1.663e-05	Eukaryota;Mollusca;Gastropoda;Litiopidae
0	0	0.02006	1.663e-05	Eukaryota;Mollusca;Gastropoda;Litiopidae;Litiopidae
0	0	0.02006	1.663e-05	Eukaryota;Mollusca;Gastropoda;Litiopidae;Litiopidae;Litiopa
0.02006	1.663e-05	0.02006	1.663e-05	Eukaryota;Mollusca;Gastropoda;Litiopidae;Litiopidae;Litiopa;Litiopa_melanostoma
0	0	0.08054	6.678e-05	Eukaryota;Mollusca;Gastropoda;Rissoellidae
0	0	0.08054	6.678e-05	Eukaryota;Mollusca;Gastropoda;Rissoellidae;Rissoellidae
0.08054	6.678e-05	0.08054	6.678e-05	Eukaryota;Mollusca;Gastropoda;Rissoellidae;Rissoellidae;Rissoella
0.7633	0.0006328	0.7633	0.0006328	Eukaryota;Mollusca;Gastropoda;Cycloneritida
0	0	1.467	0.001217	Eukaryota;Mollusca;Gastropoda;Cerithiidae
1.467	0.001217	1.467	0.001217	Eukaryota;Mollusca;Gastropoda;Cerithiidae;Cerithiidae
0	0	0.4646	0.0003852	Eukaryota;Mollusca;Gastropoda;Hermaeidae
0	0	0.4646	0.0003852	Eukaryota;Mollusca;Gastropoda;Hermaeidae;Hermaeidae
0.4646	0.0003852	0.4646	0.0003852	Eukaryota;Mollusca;Gastropoda;Hermaeidae;Hermaeidae;Hermaea
0	0	0.4793	0.0003974	Eukaryota;Mollusca;Gastropoda;Oxynoeidae
0.4793	0.0003974	0.4793	0.0003974	Eukaryota;Mollusca;Gastropoda;Oxynoeidae;Oxynoeidae
1.653	0.001371	1.653	0.001371	Eukaryota;Mollusca;Gastropoda;Pteropoda
0.8055	0.0006679	1.085	0.0008999	Eukaryota;Mollusca;Bivalvia
0	0	0.07473	6.196e-05	Eukaryota;Mollusca;Bivalvia;Trigoniida
0	0	0.07473	6.196e-05	Eukaryota;Mollusca;Bivalvia;Trigoniida;Trigoniidae
0.07473	6.196e-05	0.07473	6.196e-05	Eukaryota;Mollusca;Bivalvia;Trigoniida;Trigoniidae;Neotrigonia
0.146	0.0001211	0.146	0.0001211	Eukaryota;Mollusca;Bivalvia;Veneroida
0.03695	3.064e-05	0.03695	3.064e-05	Eukaryota;Mollusca;Bivalvia;Myoida
0.02205	1.828e-05	0.02205	1.828e-05	Eukaryota;Mollusca;Bivalvia;Unionida
0.3983	0.0003302	0.3983	0.0003302	Eukaryota;Mollusca;Solenogastres
0	0	3.857	0.003198	Eukaryota;Chaetognatha
3.22	0.00267	3.857	0.003198	Eukaryota;Chaetognatha;Sagittoidea
0	0	0.07019	5.82e-05	Eukaryota;Chaetognatha;Sagittoidea;Monophragmophora
0	0	0.07019	5.82e-05	Eukaryota;Chaetognatha;Sagittoidea;Monophragmophora;Heterokrohniidae
0	0	0.07019	5.82e-05	Eukaryota;Chaetognatha;Sagittoidea;Monophragmophora;Heterokrohniidae;Heterokrohnia
0.07019	5.82e-05	0.07019	5.82e-05	Eukaryota;Chaetognatha;Sagittoidea;Monophragmophora;Heterokrohniidae;Heterokrohnia;Heterokrohnia_mirabilis
0.5661	0.0004694	0.5661	0.0004694	Eukaryota;Chaetognatha;Sagittoidea;Aphragmophora
2.394	0.001985	17.68	0.01466	Eukaryota;Echinodermata
0.1607	0.0001332	0.8101	0.0006717	Eukaryota;Echinodermata;Asteroidea
0	0	0.02517	2.087e-05	Eukaryota;Echinodermata;Asteroidea;Peripodida
0	0	0.02517	2.087e-05	Eukaryota;Echinodermata;Asteroidea;Peripodida;Xyloplacidae
0	0	0.02517	2.087e-05	Eukaryota;Echinodermata;Asteroidea;Peripodida;Xyloplacidae;Xyloplax
0	0	0.02517	2.087e-05	Eukaryota;Echinodermata;Asteroidea;Peripodida;Xyloplacidae;Xyloplax;Xyloplax
0.02517	2.087e-05	0.02517	2.087e-05	Eukaryota;Echinodermata;Asteroidea;Peripodida;Xyloplacidae;Xyloplax;Xyloplax;_anetae
0.3809	0.0003158	0.3809	0.0003158	Eukaryota;Echinodermata;Asteroidea;Valvatida
0.2256	0.0001871	0.2256	0.0001871	Eukaryota;Echinodermata;Asteroidea;Forcipulatida
0.01765	1.464e-05	0.01765	1.464e-05	Eukaryota;Echinodermata;Asteroidea;Spinulosida
4.155	0.003445	6.788	0.005628	Eukaryota;Echinodermata;Echinoidea
0.8785	0.0007284	0.8785	0.0007284	Eukaryota;Echinodermata;Echinoidea;Clypeasteroida
0.2028	0.0001681	0.2028	0.0001681	Eukaryota;Echinodermata;Echinoidea;Echinoida
0.6541	0.0005423	0.6541	0.0005423	Eukaryota;Echinodermata;Echinoidea;Cidaroida
0	0	0.3395	0.0002815	Eukaryota;Echinodermata;Echinoidea;Diadematoida
0.3395	0.0002815	0.3395	0.0002815	Eukaryota;Echinodermata;Echinoidea;Diadematoida;Diadematidae
0	0	0.02907	2.411e-05	Eukaryota;Echinodermata;Echinoidea;Arbacoida
0.02907	2.411e-05	0.02907	2.411e-05	Eukaryota;Echinodermata;Echinoidea;Arbacoida;Arbaciidae
0	0	0.2463	0.0002042	Eukaryota;Echinodermata;Echinoidea;Salenioida
0.2463	0.0002042	0.2463	0.0002042	Eukaryota;Echinodermata;Echinoidea;Salenioida;Saleniidae
0	0	0.283	0.0002347	Eukaryota;Echinodermata;Echinoidea;Pedinoida
0	0	0.283	0.0002347	Eukaryota;Echinodermata;Echinoidea;Pedinoida;Caenopedina
0.283	0.0002347	0.283	0.0002347	Eukaryota;Echinodermata;Echinoidea;Pedinoida;Caenopedina;Caenopedina
2.105	0.001746	5.855	0.004855	Eukaryota;Echinodermata;Ophiuroidea
2.066	0.001713	2.066	0.001713	Eukaryota;Echinodermata;Ophiuroidea;Euryalida
1.683	0.001396	1.683	0.001396	Eukaryota;Echinodermata;Ophiuroidea;Ophiurida
0.194	0.0001609	1.828	0.001515	Eukaryota;Echinodermata;Holothuroidea
0.7883	0.0006536	0.7883	0.0006536	Eukaryota;Echinodermata;Holothuroidea;Aspidochirotida
0.8455	0.000701	0.8455	0.000701	Eukaryota;Echinodermata;Holothuroidea;Apodida
0	0	0.5043	0.0004181	Eukaryota;Bryozoa
0	0	0.3949	0.0003274	Eukaryota;Bryozoa;Phylactolaemata
0	0	0.3949	0.0003274	Eukaryota;Bryozoa;Phylactolaemata;Fredericellidae
0	0	0.3949	0.0003274	Eukaryota;Bryozoa;Phylactolaemata;Fredericellidae;Fredericellidae
0	0	0.3949	0.0003274	Eukaryota;Bryozoa;Phylactolaemata;Fredericellidae;Fredericellidae;Fredericella
0.3949	0.0003274	0.3949	0.0003274	Eukaryota;Bryozoa;Phylactolaemata;Fredericellidae;Fredericellidae;Fredericella;Fredericella_sultana
0	0	0.1094	9.069e-05	Eukaryota;Bryozoa;Gymnolaemata
0.1094	9.069e-05	0.1094	9.069e-05	Eukaryota;Bryozoa;Gymnolaemata;Ctenostomatida
0	0	2.154	0.001786	Eukaryota;Brachiopoda
0	0	0.8049	0.0006674	Eukaryota;Brachiopoda;Lingulata
0	0	0.8049	0.0006674	Eukaryota;Brachiopoda;Lingulata;Lingulida
0.8049	0.0006674	0.8049	0.0006674	Eukaryota;Brachiopoda;Lingulata;Lingulida;Lingulidae
0	0	0.06812	5.648e-05	Eukaryota;Brachiopoda;Rhynchonellata
2.846e-05	2.36e-08	2.846e-05	2.36e-08	Eukaryota;Brachiopoda;Rhynchonellata;Rhynchonellida
0.06809	5.646e-05	0.06809	5.646e-05	Eukaryota;Brachiopoda;Rhynchonellata;Terebratulida
0	0	1.281	0.001062	Eukaryota;Brachiopoda;Craniata
0	0	1.281	0.001062	Eukaryota;Brachiopoda;Craniata;Craniida
1.281	0.001062	1.281	0.001062	Eukaryota;Brachiopoda;Craniata;Craniida;Craniidae
0	0	3.211	0.002662	Eukaryota;Platyhelminthes
0	0	4.506e-05	3.736e-08	Eukaryota;Platyhelminthes;Trematoda
0	0	4.506e-05	3.736e-08	Eukaryota;Platyhelminthes;Trematoda;Pharyngostomum
0	0	4.506e-05	3.736e-08	Eukaryota;Platyhelminthes;Trematoda;Pharyngostomum;Pharyngostomum
0	0	4.506e-05	3.736e-08	Eukaryota;Platyhelminthes;Trematoda;Pharyngostomum;Pharyngostomum;Pharyngostomum
4.506e-05	3.736e-08	4.506e-05	3.736e-08	Eukaryota;Platyhelminthes;Trematoda;Pharyngostomum;Pharyngostomum;Pharyngostomum;Pharyngostomum_cordatum
0.7968	0.0006607	3.199	0.002652	Eukaryota;Platyhelminthes;Rhabditophora
2.178	0.001806	2.178	0.001806	Eukaryota;Platyhelminthes;Rhabditophora;Proseriata
0.02084	1.728e-05	0.02084	1.728e-05	Eukaryota;Platyhelminthes;Rhabditophora;Rhabdocoela
0.2032	0.0001684	0.2032	0.0001684	Eukaryota;Platyhelminthes;Rhabditophora;Macrostomida
0	0	0.01169	9.694e-06	Eukaryota;Platyhelminthes;Catenulida
0	0	0.01169	9.694e-06	Eukaryota;Platyhelminthes;Catenulida;Stenostomidae
0.01169	9.694e-06	0.01169	9.694e-06	Eukaryota;Platyhelminthes;Catenulida;Stenostomidae;Stenostomidae
1.673	0.001387	38.33	0.03178	Eukaryota;Chordata
15.23	0.01263	29.36	0.02434	Eukaryota;Chordata;Actinopteri
0	0	0.5	0.0004146	Eukaryota;Chordata;Actinopteri;Semionotiformes
0.5	0.0004146	0.5	0.0004146	Eukaryota;Chordata;Actinopteri;Semionotiformes;Lepisosteidae
0	0	0.3916	0.0003247	Eukaryota;Chordata;Actinopteri;Galaxiiformes
0.3916	0.0003247	0.3916	0.0003247	Eukaryota;Chordata;Actinopteri;Galaxiiformes;Galaxiidae
0	0	0.009969	8.266e-06	Eukaryota;Chordata;Actinopteri;Opistognathidae
0.009969	8.266e-06	0.009969	8.266e-06	Eukaryota;Chordata;Actinopteri;Opistognathidae;Opistognathidae
0	0	0.01134	9.406e-06	Eukaryota;Chordata;Actinopteri;Lepidogalaxiiformes
0	0	0.01134	9.406e-06	Eukaryota;Chordata;Actinopteri;Lepidogalaxiiformes;Lepidogalaxias
0	0	0.01134	9.406e-06	Eukaryota;Chordata;Actinopteri;Lepidogalaxiiformes;Lepidogalaxias;Lepidogalaxias
0.01134	9.406e-06	0.01134	9.406e-06	Eukaryota;Chordata;Actinopteri;Lepidogalaxiiformes;Lepidogalaxias;Lepidogalaxias;Lepidogalaxias_salamandroides
0.0236	1.956e-05	0.0236	1.956e-05	Eukaryota;Chordata;Actinopteri;Acipenseriformes
0.006505	5.393e-06	0.006505	5.393e-06	Eukaryota;Chordata;Actinopteri;Cichliformes
4.021	0.003334	4.021	0.003334	Eukaryota;Chordata;Actinopteri;Lutjaniformes
0	0	0.0329	2.728e-05	Eukaryota;Chordata;Actinopteri;Moronidae
0.0329	2.728e-05	0.0329	2.728e-05	Eukaryota;Chordata;Actinopteri;Moronidae;Moronidae
0	0	0.08437	6.995e-05	Eukaryota;Chordata;Actinopteri;Siganidae
0	0	0.08437	6.995e-05	Eukaryota;Chordata;Actinopteri;Siganidae;Siganidae
0.08437	6.995e-05	0.08437	6.995e-05	Eukaryota;Chordata;Actinopteri;Siganidae;Siganidae;Siganus
0.02331	1.932e-05	0.02331	1.932e-05	Eukaryota;Chordata;Actinopteri;Labriformes
0.01079	8.947e-06	0.01079	8.947e-06	Eukaryota;Chordata;Actinopteri;Clupeiformes
0.009075	7.524e-06	0.009075	7.524e-06	Eukaryota;Chordata;Actinopteri;Priacanthiformes
0.4469	0.0003705	0.4469	0.0003705	Eukaryota;Chordata;Actinopteri;Ephippiformes
0	0	0.1085	8.999e-05	Eukaryota;Chordata;Actinopteri;Parascorpididae
0	0	0.1085	8.999e-05	Eukaryota;Chordata;Actinopteri;Parascorpididae;Parascorpididae
0	0	0.1085	8.999e-05	Eukaryota;Chordata;Actinopteri;Parascorpididae;Parascorpididae;Parascorpis
0.1085	8.999e-05	0.1085	8.999e-05	Eukaryota;Chordata;Actinopteri;Parascorpididae;Parascorpididae;Parascorpis;Parascorpis_typus
0	0	0.2073	0.0001718	Eukaryota;Chordata;Actinopteri;Congrogadidae
0.2073	0.0001718	0.2073	0.0001718	Eukaryota;Chordata;Actinopteri;Congrogadidae;Congrogadidae
0	0	0.008998	7.461e-06	Eukaryota;Chordata;Actinopteri;Dinopercidae
0	0	0.008998	7.461e-06	Eukaryota;Chordata;Actinopteri;Dinopercidae;Dinopercidae
0	0	0.008998	7.461e-06	Eukaryota;Chordata;Actinopteri;Dinopercidae;Dinopercidae;Dinoperca
0.008998	7.461e-06	0.008998	7.461e-06	Eukaryota;Chordata;Actinopteri;Dinopercidae;Dinopercidae;Dinoperca;Dinoperca_petersi
0.03954	3.279e-05	0.03954	3.279e-05	Eukaryota;Chordata;Actinopteri;Lobotiformes
0.8053	0.0006677	0.8053	0.0006677	Eukaryota;Chordata;Actinopteri;Spariformes
0.3204	0.0002656	0.3204	0.0002656	Eukaryota;Chordata;Actinopteri;Gonorynchiformes
0.3313	0.0002747	0.3313	0.0002747	Eukaryota;Chordata;Actinopteri;Chaetodontiformes
0.02977	2.468e-05	0.02977	2.468e-05	Eukaryota;Chordata;Actinopteri;Pempheriformes
0	0	1.754	0.001455	Eukaryota;Chordata;Actinopteri;Pomacentridae
1.754	0.001455	1.754	0.001455	Eukaryota;Chordata;Actinopteri;Pomacentridae;Pomacentridae
0	0	1.255e-05	1.04e-08	Eukaryota;Chordata;Actinopteri;Mugiliformes
1.255e-05	1.04e-08	1.255e-05	1.04e-08	Eukaryota;Chordata;Actinopteri;Mugiliformes;Mugilidae
1.434	0.001189	1.434	0.001189	Eukaryota;Chordata;Actinopteri;Carangiformes
0	0	0.02792	2.315e-05	Eukaryota;Chordata;Actinopteri;Sillaginidae
0.02792	2.315e-05	0.02792	2.315e-05	Eukaryota;Chordata;Actinopteri;Sillaginidae;Sillaginidae
0.02622	2.174e-05	0.02622	2.174e-05	Eukaryota;Chordata;Actinopteri;Beloniformes
0.08056	6.679e-05	0.08056	6.679e-05	Eukaryota;Chordata;Actinopteri;Cypriniformes
0	0	0.01781	1.477e-05	Eukaryota;Chordata;Actinopteri;Pomacanthidae
0.01781	1.477e-05	0.01781	1.477e-05	Eukaryota;Chordata;Actinopteri;Pomacanthidae;Pomacanthidae
0	0	0.006493	5.383e-06	Eukaryota;Chordata;Actinopteri;Albuliformes
0.006493	5.383e-06	0.006493	5.383e-06	Eukaryota;Chordata;Actinopteri;Albuliformes;Albulidae
0.4255	0.0003528	0.4255	0.0003528	Eukaryota;Chordata;Actinopteri;Syngnathiformes
0.674	0.0005589	0.674	0.0005589	Eukaryota;Chordata;Actinopteri;Cyprinodontiformes
0.0743	6.161e-05	0.0743	6.161e-05	Eukaryota;Chordata;Actinopteri;Percopsiformes
0.0278	2.305e-05	0.0278	2.305e-05	Eukaryota;Chordata;Actinopteri;Stomiiformes
0.03246	2.691e-05	0.03246	2.691e-05	Eukaryota;Chordata;Actinopteri;Tetraodontiformes
0.005	4.146e-06	0.005	4.146e-06	Eukaryota;Chordata;Actinopteri;Osmeriformes
0	0	2.039	0.001691	Eukaryota;Chordata;Actinopteri;Gerreiformes
2.039	0.001691	2.039	0.001691	Eukaryota;Chordata;Actinopteri;Gerreiformes;Gerreidae
0.01608	1.333e-05	0.01608	1.333e-05	Eukaryota;Chordata;Actinopteri;Anabantiformes
0	0	0.004986	4.134e-06	Eukaryota;Chordata;Actinopteri;Holocentriformes
0.004986	4.134e-06	0.004986	4.134e-06	Eukaryota;Chordata;Actinopteri;Holocentriformes;Holocentridae
0	0	0.002231	1.849e-06	Eukaryota;Chordata;Actinopteri;Leptobramidae
0	0	0.002231	1.849e-06	Eukaryota;Chordata;Actinopteri;Leptobramidae;Leptobramidae
0	0	0.002231	1.849e-06	Eukaryota;Chordata;Actinopteri;Leptobramidae;Leptobramidae;Leptobrama
0.002231	1.849e-06	0.002231	1.849e-06	Eukaryota;Chordata;Actinopteri;Leptobramidae;Leptobramidae;Leptobrama;Leptobrama_muelleri
0.05666	4.698e-05	0.05666	4.698e-05	Eukaryota;Chordata;Actinopteri;Esociformes
0	0	0.05911	4.901e-05	Eukaryota;Chordata;Cladistia
0	0	0.05911	4.901e-05	Eukaryota;Chordata;Cladistia;Polypteriformes
0.05911	4.901e-05	0.05911	4.901e-05	Eukaryota;Chordata;Cladistia;Polypteriformes;Polypteridae
1.405	0.001165	1.951	0.001618	Eukaryota;Chordata;Mammalia
0.2786	0.000231	0.2786	0.000231	Eukaryota;Chordata;Mammalia;Perissodactyla
0.06293	5.218e-05	0.06293	5.218e-05	Eukaryota;Chordata;Mammalia;Primates
0.0009436	7.824e-07	0.0009436	7.824e-07	Eukaryota;Chordata;Mammalia;Sirenia
0	0	0.2035	0.0001687	Eukaryota;Chordata;Mammalia;Hyracoidea
0.2035	0.0001687	0.2035	0.0001687	Eukaryota;Chordata;Mammalia;Hyracoidea;Procaviidae
0	0	0.6231	0.0005166	Eukaryota;Chordata;Thaliacea
0	0	0.1405	0.0001165	Eukaryota;Chordata;Thaliacea;Pyrosomata
0	0	0.1405	0.0001165	Eukaryota;Chordata;Thaliacea;Pyrosomata;Pyrosomatidae
0	0	0.1405	0.0001165	Eukaryota;Chordata;Thaliacea;Pyrosomata;Pyrosomatidae;Pyrostremma
0.1405	0.0001165	0.1405	0.0001165	Eukaryota;Chordata;Thaliacea;Pyrosomata;Pyrosomatidae;Pyrostremma;Pyrostremma_spinosum
0	0	0.4826	0.0004002	Eukaryota;Chordata;Thaliacea;Doliolida
0	0	0.4826	0.0004002	Eukaryota;Chordata;Thaliacea;Doliolida;Doliolidae
0	0	0.4826	0.0004002	Eukaryota;Chordata;Thaliacea;Doliolida;Doliolidae;Doliolum
0.4826	0.0004002	0.4826	0.0004002	Eukaryota;Chordata;Thaliacea;Doliolida;Doliolidae;Doliolum;Doliolum_nationalis
1.241	0.001029	2.993	0.002481	Eukaryota;Chordata;Chondrichthyes
0.4826	0.0004002	0.4826	0.0004002	Eukaryota;Chordata;Chondrichthyes;Myliobatiformes
1.269	0.001052	1.269	0.001052	Eukaryota;Chordata;Chondrichthyes;Carcharhiniformes
0.1602	0.0001328	1	0.0008291	Eukaryota;Chordata;Aves
0.8398	0.0006963	0.8398	0.0006963	Eukaryota;Chordata;Aves;Galliformes
0	0	0.6753	0.0005599	Eukaryota;Chordata;Ascidiacea
0.6753	0.0005599	0.6753	0.0005599	Eukaryota;Chordata;Ascidiacea;Stolidobranchia
0	0	1.326	0.0011	Eukaryota;Gastrotricha
0	0	1.326	0.0011	Eukaryota;Gastrotricha;Chaetonotida
1.326	0.0011	1.326	0.0011	Eukaryota;Gastrotricha;Chaetonotida;Chaetonotida
0	0	26.32	0.02182	Eukaryota;Porifera
0.3944	0.000327	0.3944	0.000327	Eukaryota;Porifera;Hexactinellida
9.745	0.00808	25.23	0.02092	Eukaryota;Porifera;Demospongiae
0.2018	0.0001673	0.2018	0.0001673	Eukaryota;Porifera;Demospongiae;Agelasida
0	0	0.1347	0.0001117	Eukaryota;Porifera;Demospongiae;Petromica
0	0	0.1347	0.0001117	Eukaryota;Porifera;Demospongiae;Petromica;Petromica
0	0	0.1347	0.0001117	Eukaryota;Porifera;Demospongiae;Petromica;Petromica;Petromica
0.1347	0.0001117	0.1347	0.0001117	Eukaryota;Porifera;Demospongiae;Petromica;Petromica;Petromica;Petromica_pacifica
0	0	0.08863	7.349e-05	Eukaryota;Porifera;Demospongiae;Polymastiida
0.08863	7.349e-05	0.08863	7.349e-05	Eukaryota;Porifera;Demospongiae;Polymastiida;Polymastiidae
2.84	0.002355	2.84	0.002355	Eukaryota;Porifera;Demospongiae;Suberitida
2.311	0.001916	2.311	0.001916	Eukaryota;Porifera;Demospongiae;Clionaida
2.817	0.002335	2.817	0.002335	Eukaryota;Porifera;Demospongiae;Haplosclerida
1.32	0.001095	1.32	0.001095	Eukaryota;Porifera;Demospongiae;Dictyoceratida
1.243	0.00103	1.243	0.00103	Eukaryota;Porifera;Demospongiae;Verongiida
2.785	0.002309	2.785	0.002309	Eukaryota;Porifera;Demospongiae;Poecilosclerida
0	0	0.7419	0.0006151	Eukaryota;Porifera;Demospongiae;Chondrillida
0.7419	0.0006151	0.7419	0.0006151	Eukaryota;Porifera;Demospongiae;Chondrillida;Chondrillidae
0.9996	0.0008288	0.9996	0.0008288	Eukaryota;Porifera;Demospongiae;Biemnida
0	0	0.6933	0.0005749	Eukaryota;Porifera;Calcarea
0	0	0.6933	0.0005749	Eukaryota;Porifera;Calcarea;Lithonida
0	0	0.6933	0.0005749	Eukaryota;Porifera;Calcarea;Lithonida;Petrobionidae
0	0	0.6933	0.0005749	Eukaryota;Porifera;Calcarea;Lithonida;Petrobionidae;Petrobiona
0.6933	0.0005749	0.6933	0.0005749	Eukaryota;Porifera;Calcarea;Lithonida;Petrobionidae;Petrobiona;Petrobiona_massiliana
0	0	14.77	0.01224	Eukaryota;Cnidaria
4.894	0.004058	5.804	0.004812	Eukaryota;Cnidaria;Hydrozoa
0.8028	0.0006656	0.8028	0.0006656	Eukaryota;Cnidaria;Hydrozoa;Anthoathecata
0.006728	5.578e-06	0.006728	5.578e-06	Eukaryota;Cnidaria;Hydrozoa;Limnomedusae
0.1004	8.325e-05	0.1004	8.325e-05	Eukaryota;Cnidaria;Hydrozoa;Leptothecata
5.451	0.004519	8.963	0.007431	Eukaryota;Cnidaria;Anthozoa
0.1521	0.0001261	0.1521	0.0001261	Eukaryota;Cnidaria;Anthozoa;Corallimorpharia
1.234	0.001023	1.234	0.001023	Eukaryota;Cnidaria;Anthozoa;Scleractinia
0.0295	2.446e-05	0.0295	2.446e-05	Eukaryota;Cnidaria;Anthozoa;Helioporacea
0.09343	7.747e-05	0.09343	7.747e-05	Eukaryota;Cnidaria;Anthozoa;Pennatulacea
2.003	0.001661	2.003	0.001661	Eukaryota;Cnidaria;Anthozoa;Alcyonacea
1.204e-06	9.984e-10	1.204e-06	9.984e-10	Eukaryota;Cnidaria;Myxozoa
0	0	23.34	0.01935	Eukaryota;Dinophyceae
16.77	0.01391	23.34	0.01935	Eukaryota;Dinophyceae;Dinophyceae
0	0	0.0001692	1.403e-07	Eukaryota;Dinophyceae;Dinophyceae;Dinophysiales
0.0001692	1.403e-07	0.0001692	1.403e-07	Eukaryota;Dinophyceae;Dinophyceae;Dinophysiales;Dinophysiaceae
3.232	0.002679	3.232	0.002679	Eukaryota;Dinophyceae;Dinophyceae;Suessiales
0	0	1.009	0.000837	Eukaryota;Dinophyceae;Dinophyceae;Levanderina
0	0	1.009	0.000837	Eukaryota;Dinophyceae;Dinophyceae;Levanderina;Levanderina
0	0	1.009	0.000837	Eukaryota;Dinophyceae;Dinophyceae;Levanderina;Levanderina;Levanderina
1.009	0.000837	1.009	0.000837	Eukaryota;Dinophyceae;Dinophyceae;Levanderina;Levanderina;Levanderina;Levanderina_fissa
0.8259	0.0006848	0.8259	0.0006848	Eukaryota;Dinophyceae;Dinophyceae;Gymnodiniales
0	0	1.5	0.001244	Eukaryota;Dinophyceae;Dinophyceae;Oxyrrhinales
0	0	1.5	0.001244	Eukaryota;Dinophyceae;Dinophyceae;Oxyrrhinales;Oxyrrhinaceae
1.5	0.001244	1.5	0.001244	Eukaryota;Dinophyceae;Dinophyceae;Oxyrrhinales;Oxyrrhinaceae;Oxyrrhis
0.05928	4.915e-05	11.45	0.009497	Eukaryota;Rhodophyta
8.595	0.007127	11.39	0.009448	Eukaryota;Rhodophyta;Florideophyceae
0	0	0.1855	0.0001538	Eukaryota;Rhodophyta;Florideophyceae;Ahnfeltiales
0	0	0.1855	0.0001538	Eukaryota;Rhodophyta;Florideophyceae;Ahnfeltiales;Ahnfeltiaceae
0.1855	0.0001538	0.1855	0.0001538	Eukaryota;Rhodophyta;Florideophyceae;Ahnfeltiales;Ahnfeltiaceae;Ahnfeltia
0	0	0.1578	0.0001308	Eukaryota;Rhodophyta;Florideophyceae;Peyssonneliopsis
0	0	0.1578	0.0001308	Eukaryota;Rhodophyta;Florideophyceae;Peyssonneliopsis;Peyssonneliopsis
0	0	0.1578	0.0001308	Eukaryota;Rhodophyta;Florideophyceae;Peyssonneliopsis;Peyssonneliopsis;Peyssonneliopsis
0.1578	0.0001308	0.1578	0.0001308	Eukaryota;Rhodophyta;Florideophyceae;Peyssonneliopsis;Peyssonneliopsis;Peyssonneliopsis;Peyssonneliopsis_epiphytica
0.1115	9.246e-05	0.1115	9.246e-05	Eukaryota;Rhodophyta;Florideophyceae;Bonnemaisoniales
0	0	0.04913	4.074e-05	Eukaryota;Rhodophyta;Florideophyceae;Sebdeniales
0.04913	4.074e-05	0.04913	4.074e-05	Eukaryota;Rhodophyta;Florideophyceae;Sebdeniales;Sebdeniaceae
0.1995	0.0001654	0.1995	0.0001654	Eukaryota;Rhodophyta;Florideophyceae;Gracilariales
0.09469	7.851e-05	0.09469	7.851e-05	Eukaryota;Rhodophyta;Florideophyceae;Nemastomatales
0.02691	2.231e-05	0.02691	2.231e-05	Eukaryota;Rhodophyta;Florideophyceae;Rhodymeniales
0.00431	3.573e-06	0.00431	3.573e-06	Eukaryota;Rhodophyta;Florideophyceae;Acrosymphytales
1.559	0.001293	1.559	0.001293	Eukaryota;Rhodophyta;Florideophyceae;Ceramiales
0	0	0.119	9.865e-05	Eukaryota;Rhodophyta;Florideophyceae;Entwisleiales
0	0	0.119	9.865e-05	Eukaryota;Rhodophyta;Florideophyceae;Entwisleiales;Entwisleiaceae
0	0	0.119	9.865e-05	Eukaryota;Rhodophyta;Florideophyceae;Entwisleiales;Entwisleiaceae;Entwisleia
0.119	9.865e-05	0.119	9.865e-05	Eukaryota;Rhodophyta;Florideophyceae;Entwisleiales;Entwisleiaceae;Entwisleia;Entwisleia_bella
0	0	0.1945	0.0001613	Eukaryota;Rhodophyta;Florideophyceae;Hapalidiales
0.1945	0.0001613	0.1945	0.0001613	Eukaryota;Rhodophyta;Florideophyceae;Hapalidiales;Hapalidiaceae
0.03881	3.218e-05	0.03881	3.218e-05	Eukaryota;Rhodophyta;Florideophyceae;Corallinales
0	0	0.05842	4.844e-05	Eukaryota;Rhodophyta;Florideophyceae;Corynodactylales
0	0	0.05842	4.844e-05	Eukaryota;Rhodophyta;Florideophyceae;Corynodactylales;Corynodactylaceae
0	0	0.05842	4.844e-05	Eukaryota;Rhodophyta;Florideophyceae;Corynodactylales;Corynodactylaceae;Corynodactylus
0.05842	4.844e-05	0.05842	4.844e-05	Eukaryota;Rhodophyta;Florideophyceae;Corynodactylales;Corynodactylaceae;Corynodactylus;Corynodactylus_rejiciendus
0	0	1.018	0.000844	Eukaryota;Basidiomycota
0	0	1	0.0008291	Eukaryota;Basidiomycota;Pucciniomycetes
1	0.0008291	1	0.0008291	Eukaryota;Basidiomycota;Pucciniomycetes;Pucciniales
0	0	0.01792	1.486e-05	Eukaryota;Basidiomycota;Tremellomycetes
0	0	0.01792	1.486e-05	Eukaryota;Basidiomycota;Tremellomycetes;Cystofilobasidiales
0	0	0.01792	1.486e-05	Eukaryota;Basidiomycota;Tremellomycetes;Cystofilobasidiales;Mrakiaceae
0	0	0.01792	1.486e-05	Eukaryota;Basidiomycota;Tremellomycetes;Cystofilobasidiales;Mrakiaceae;Phaffia
0.01792	1.486e-05	0.01792	1.486e-05	Eukaryota;Basidiomycota;Tremellomycetes;Cystofilobasidiales;Mrakiaceae;Phaffia;Phaffia_rhodozyma
0	0	1.096	0.0009091	Eukaryota;Evosea
1.096	0.0009091	1.096	0.0009091	Eukaryota;Evosea;Variosea
0	0	4.918	0.004077	Eukaryota;Cryptophyceae
1.085	0.0008992	4.918	0.004077	Eukaryota;Cryptophyceae;Cryptophyceae
3.722	0.003086	3.722	0.003086	Eukaryota;Cryptophyceae;Cryptophyceae;Cyathomonadacea
0.05274	4.373e-05	0.05274	4.373e-05	Eukaryota;Cryptophyceae;Cryptophyceae;Cryptomonadales
0.05814	4.821e-05	0.05814	4.821e-05	Eukaryota;Cryptophyceae;Cryptophyceae;Pyrenomonadales
2.071	0.001717	10.36	0.008589	Eukaryota;Chlorophyta
0	0	6.029	0.004999	Eukaryota;Chlorophyta;Mamiellophyceae
2.113	0.001752	2.113	0.001752	Eukaryota;Chlorophyta;Mamiellophyceae;Dolichomastigales
0	0	0.184	0.0001526	Eukaryota;Chlorophyta;Mamiellophyceae;Monomastigales
0	0	0.184	0.0001526	Eukaryota;Chlorophyta;Mamiellophyceae;Monomastigales;Monomastigaceae
0	0	0.184	0.0001526	Eukaryota;Chlorophyta;Mamiellophyceae;Monomastigales;Monomastigaceae;Monomastix
0.184	0.0001526	0.184	0.0001526	Eukaryota;Chlorophyta;Mamiellophyceae;Monomastigales;Monomastigaceae;Monomastix;Monomastix_minuta
3.732	0.003094	3.732	0.003094	Eukaryota;Chlorophyta;Mamiellophyceae;Mamiellales
0	0	0.1152	9.551e-05	Eukaryota;Chlorophyta;Ulvophyceae
0.1152	9.551e-05	0.1152	9.551e-05	Eukaryota;Chlorophyta;Ulvophyceae;Bryopsidales
0.007312	6.062e-06	0.007312	6.062e-06	Eukaryota;Chlorophyta;Trebouxiophyceae
0	0	2	0.001658	Eukaryota;Chlorophyta;Pycnococcaceae
0	0	2	0.001658	Eukaryota;Chlorophyta;Pycnococcaceae;Pycnococcaceae
0	0	2	0.001658	Eukaryota;Chlorophyta;Pycnococcaceae;Pycnococcaceae;Pycnococcaceae
0	0	2	0.001658	Eukaryota;Chlorophyta;Pycnococcaceae;Pycnococcaceae;Pycnococcaceae;Pycnococcus
0	0	2	0.001658	Eukaryota;Chlorophyta;Pycnococcaceae;Pycnococcaceae;Pycnococcaceae;Pycnococcus;Pycnococcus
2	0.001658	2	0.001658	Eukaryota;Chlorophyta;Pycnococcaceae;Pycnococcaceae;Pycnococcaceae;Pycnococcus;Pycnococcus;provasolii
0	0	0.1377	0.0001142	Eukaryota;Chlorophyta;Chlorophyceae
0	0	0.1377	0.0001142	Eukaryota;Chlorophyta;Chlorophyceae;Microsporaceae
0	0	0.1377	0.0001142	Eukaryota;Chlorophyta;Chlorophyceae;Microsporaceae;Microsporaceae
0	0	0.1377	0.0001142	Eukaryota;Chlorophyta;Chlorophyceae;Microsporaceae;Microsporaceae;Microspora
0.1377	0.0001142	0.1377	0.0001142	Eukaryota;Chlorophyta;Chlorophyceae;Microsporaceae;Microsporaceae;Microspora;Microspora_stagnorum
0.1572	0.0001304	2.562	0.002124	Eukaryota;Chytridiomycota
0	0	2.404	0.001994	Eukaryota;Chytridiomycota;Chytridiomycetes
2.404	0.001994	2.404	0.001994	Eukaryota;Chytridiomycota;Chytridiomycetes;Spizellomycetales
0	0	4.276	0.003545	Eukaryota;Haptista
1.562	0.001295	4.276	0.003545	Eukaryota;Haptista;Haptophyta
0	0	0.7143	0.0005922	Eukaryota;Haptista;Haptophyta;Prymnesiales
0	0	0.7143	0.0005922	Eukaryota;Haptista;Haptophyta;Prymnesiales;Chrysochromulinaceae
0.7143	0.0005922	0.7143	0.0005922	Eukaryota;Haptista;Haptophyta;Prymnesiales;Chrysochromulinaceae;Chrysochromulina
0	0	2	0.001658	Eukaryota;Haptista;Haptophyta;Phaeocystales
0	0	2	0.001658	Eukaryota;Haptista;Haptophyta;Phaeocystales;Phaeocystaceae
2	0.001658	2	0.001658	Eukaryota;Haptista;Haptophyta;Phaeocystales;Phaeocystaceae;Phaeocystis
0	0	4.347	0.003604	Eukaryota;Dictyochophyceae
3.813	0.003161	4.347	0.003604	Eukaryota;Dictyochophyceae;Dictyochophyceae
0	0	0.5345	0.0004432	Eukaryota;Dictyochophyceae;Dictyochophyceae;Pedinellales
0	0	0.5345	0.0004432	Eukaryota;Dictyochophyceae;Dictyochophyceae;Pedinellales;Pseudopedinella
0	0	0.5345	0.0004432	Eukaryota;Dictyochophyceae;Dictyochophyceae;Pedinellales;Pseudopedinella;Pseudopedinella
0.5345	0.0004432	0.5345	0.0004432	Eukaryota;Dictyochophyceae;Dictyochophyceae;Pedinellales;Pseudopedinella;Pseudopedinella;Pseudopedinella_elastica
0.8055	0.0006679	1.111	0.0009208	Eukaryota;Streptophyta
0	0	0.03439	2.852e-05	Eukaryota;Streptophyta;Mesostigmatophyceae
0	0	0.03439	2.852e-05	Eukaryota;Streptophyta;Mesostigmatophyceae;Mesostigmatales
0	0	0.03439	2.852e-05	Eukaryota;Streptophyta;Mesostigmatophyceae;Mesostigmatales;Mesostigmataceae
0	0	0.03439	2.852e-05	Eukaryota;Streptophyta;Mesostigmatophyceae;Mesostigmatales;Mesostigmataceae;Mesostigma
0.03439	2.852e-05	0.03439	2.852e-05	Eukaryota;Streptophyta;Mesostigmatophyceae;Mesostigmatales;Mesostigmataceae;Mesostigma;Mesostigma_viride
0	0	0.2707	0.0002244	Eukaryota;Streptophyta;Chlorokybophyceae
0	0	0.2707	0.0002244	Eukaryota;Streptophyta;Chlorokybophyceae;Chlorokybales
0	0	0.2707	0.0002244	Eukaryota;Streptophyta;Chlorokybophyceae;Chlorokybales;Chlorokybaceae
0	0	0.2707	0.0002244	Eukaryota;Streptophyta;Chlorokybophyceae;Chlorokybales;Chlorokybaceae;Chlorokybus
0.2707	0.0002244	0.2707	0.0002244	Eukaryota;Streptophyta;Chlorokybophyceae;Chlorokybales;Chlorokybaceae;Chlorokybus;Chlorokybus_atmophyticus
0	0	0.4091	0.0003392	Eukaryota;Bolidophyceae
0	0	0.4091	0.0003392	Eukaryota;Bolidophyceae;Bolidophyceae
0	0	0.4091	0.0003392	Eukaryota;Bolidophyceae;Bolidophyceae;Parmales
0	0	0.4091	0.0003392	Eukaryota;Bolidophyceae;Bolidophyceae;Parmales;Triparmaceae
0	0	0.4091	0.0003392	Eukaryota;Bolidophyceae;Bolidophyceae;Parmales;Triparmaceae;Triparma
0.4091	0.0003392	0.4091	0.0003392	Eukaryota;Bolidophyceae;Bolidophyceae;Parmales;Triparmaceae;Triparma;Triparma_laevis
0	0	0.03823	3.17e-05	Eukaryota;Chrysoparadoxa
0	0	0.03823	3.17e-05	Eukaryota;Chrysoparadoxa;Chrysoparadoxa
0	0	0.03823	3.17e-05	Eukaryota;Chrysoparadoxa;Chrysoparadoxa;Chrysoparadoxa
0	0	0.03823	3.17e-05	Eukaryota;Chrysoparadoxa;Chrysoparadoxa;Chrysoparadoxa;Chrysoparadoxa
0	0	0.03823	3.17e-05	Eukaryota;Chrysoparadoxa;Chrysoparadoxa;Chrysoparadoxa;Chrysoparadoxa;Chrysoparadoxa
0.03823	3.17e-05	0.03823	3.17e-05	Eukaryota;Chrysoparadoxa;Chrysoparadoxa;Chrysoparadoxa;Chrysoparadoxa;Chrysoparadoxa;Chrysoparadoxa_australica
0.002615	2.168e-06	0.002615	2.168e-06	Eukaryota;Endomyxa
0	0	0.1519	0.0001259	Eukaryota;Apusomonadidae
0	0	0.1519	0.0001259	Eukaryota;Apusomonadidae;Apusomonadidae
0	0	0.1519	0.0001259	Eukaryota;Apusomonadidae;Apusomonadidae;Apusomonadidae
0	0	0.1519	0.0001259	Eukaryota;Apusomonadidae;Apusomonadidae;Apusomonadidae;Apusomonadidae
0	0	0.1519	0.0001259	Eukaryota;Apusomonadidae;Apusomonadidae;Apusomonadidae;Apusomonadidae;Thecamonas
0.1519	0.0001259	0.1519	0.0001259	Eukaryota;Apusomonadidae;Apusomonadidae;Apusomonadidae;Apusomonadidae;Thecamonas;Thecamonas_trahens
0	0	2.027	0.00168	Eukaryota;Discosea
0	0	0.8164	0.0006769	Eukaryota;Discosea;Flabellinia
0	0	0.01129	9.359e-06	Eukaryota;Discosea;Flabellinia;Vannellidae
0.01129	9.359e-06	0.01129	9.359e-06	Eukaryota;Discosea;Flabellinia;Vannellidae;Vannellidae
0.8051	0.0006676	0.8051	0.0006676	Eukaryota;Discosea;Flabellinia;Dactylopodida
0	0	1.21	0.001004	Eukaryota;Discosea;Himatismenida
1.21	0.001004	1.21	0.001004	Eukaryota;Discosea;Himatismenida;Himatismenida
2.931	0.00243	35.82	0.0297	Eukaryota;Bacillariophyta
13.32	0.01104	27.94	0.02317	Eukaryota;Bacillariophyta;Bacillariophyceae
0	0	14.38	0.01192	Eukaryota;Bacillariophyta;Bacillariophyceae;Bacillariales
14.38	0.01192	14.38	0.01192	Eukaryota;Bacillariophyta;Bacillariophyceae;Bacillariales;Bacillariaceae
0.09134	7.573e-05	0.09134	7.573e-05	Eukaryota;Bacillariophyta;Bacillariophyceae;Naviculales
0	0	0.1508	0.000125	Eukaryota;Bacillariophyta;Bacillariophyceae;Eunotiales
0	0	0.1508	0.000125	Eukaryota;Bacillariophyta;Bacillariophyceae;Eunotiales;Eunotiaceae
0.1508	0.000125	0.1508	0.000125	Eukaryota;Bacillariophyta;Bacillariophyceae;Eunotiales;Eunotiaceae;Eunotia
0	0	0.3103	0.0002573	Eukaryota;Bacillariophyta;Fragilariophyceae
0	0	0.3103	0.0002573	Eukaryota;Bacillariophyta;Fragilariophyceae;Licmophorales
0	0	0.3103	0.0002573	Eukaryota;Bacillariophyta;Fragilariophyceae;Licmophorales;Ulnariaceae
0	0	0.3103	0.0002573	Eukaryota;Bacillariophyta;Fragilariophyceae;Licmophorales;Ulnariaceae;Ulnaria
0.3103	0.0002573	0.3103	0.0002573	Eukaryota;Bacillariophyta;Fragilariophyceae;Licmophorales;Ulnariaceae;Ulnaria;Ulnaria_acus
0.9347	0.000775	0.9628	0.0007983	Eukaryota;Bacillariophyta;Mediophyceae
0	0	0.02819	2.338e-05	Eukaryota;Bacillariophyta;Mediophyceae;Toxariales
0	0	0.02819	2.338e-05	Eukaryota;Bacillariophyta;Mediophyceae;Toxariales;Toxariaceae
0	0	0.02819	2.338e-05	Eukaryota;Bacillariophyta;Mediophyceae;Toxariales;Toxariaceae;Toxarium
0.02819	2.338e-05	0.02819	2.338e-05	Eukaryota;Bacillariophyta;Mediophyceae;Toxariales;Toxariaceae;Toxarium;Toxarium_undulatum
0	0	3.679	0.00305	Eukaryota;Bacillariophyta;Coscinodiscophyceae
2.72	0.002256	2.72	0.002256	Eukaryota;Bacillariophyta;Coscinodiscophyceae;Thalassiosirales
0	0	0.9582	0.0007945	Eukaryota;Bacillariophyta;Coscinodiscophyceae;Chaetocerotales
0.9582	0.0007945	0.9582	0.0007945	Eukaryota;Bacillariophyta;Coscinodiscophyceae;Chaetocerotales;Chaetocerotaceae
0	0	2.948	0.002444	Eukaryota;Chrysophyceae
2.512	0.002083	2.948	0.002444	Eukaryota;Chrysophyceae;Chrysophyceae
0	0	0.1974	0.0001637	Eukaryota;Chrysophyceae;Chrysophyceae;Apoikiaceae
0	0	0.1974	0.0001637	Eukaryota;Chrysophyceae;Chrysophyceae;Apoikiaceae;Apoikiaceae
0	0	0.1974	0.0001637	Eukaryota;Chrysophyceae;Chrysophyceae;Apoikiaceae;Apoikiaceae;Apoikiospumella
0.1974	0.0001637	0.1974	0.0001637	Eukaryota;Chrysophyceae;Chrysophyceae;Apoikiaceae;Apoikiaceae;Apoikiospumella;Apoikiospumella_mondseeiensis
0.238	0.0001973	0.238	0.0001973	Eukaryota;Chrysophyceae;Chrysophyceae;Chromulinales
0	0	1.037	0.0008594	Eukaryota;Raphidophyceae
0	0	1.037	0.0008594	Eukaryota;Raphidophyceae;Raphidophyceae
0	0	1.037	0.0008594	Eukaryota;Raphidophyceae;Raphidophyceae;Haramonas
0	0	1.037	0.0008594	Eukaryota;Raphidophyceae;Raphidophyceae;Haramonas;Haramonas
0	0	1.037	0.0008594	Eukaryota;Raphidophyceae;Raphidophyceae;Haramonas;Haramonas;Haramonas
1.037	0.0008594	1.037	0.0008594	Eukaryota;Raphidophyceae;Raphidophyceae;Haramonas;Haramonas;Haramonas;Haramonas_dimorpha
0	0	8.897	0.007377	Eukaryota;Phaeophyceae
2.065	0.001712	8.897	0.007377	Eukaryota;Phaeophyceae;Phaeophyceae
5.956	0.004938	5.956	0.004938	Eukaryota;Phaeophyceae;Phaeophyceae;Dictyotales
0.007007	5.81e-06	0.007007	5.81e-06	Eukaryota;Phaeophyceae;Phaeophyceae;Ectocarpales
0.8689	0.0007204	0.8689	0.0007204	Eukaryota;Phaeophyceae;Phaeophyceae;Ralfsiales
0.7756	0.0006431	3.99	0.003308	Eukaryota;Ascomycota
0.4457	0.0003696	2.032	0.001685	Eukaryota;Ascomycota;Eurotiomycetes
1.554	0.001289	1.554	0.001289	Eukaryota;Ascomycota;Eurotiomycetes;Eurotiales
0.03182	2.638e-05	0.03182	2.638e-05	Eukaryota;Ascomycota;Eurotiomycetes;Chaetothyriales
0	0	0.2376	0.000197	Eukaryota;Ascomycota;Leotiomycetes
0	0	0.2376	0.000197	Eukaryota;Ascomycota;Leotiomycetes;Erysiphales
0	0	0.2376	0.000197	Eukaryota;Ascomycota;Leotiomycetes;Erysiphales;Erysiphaceae
0	0	0.2376	0.000197	Eukaryota;Ascomycota;Leotiomycetes;Erysiphales;Erysiphaceae;Podosphaera
0.2376	0.000197	0.2376	0.000197	Eukaryota;Ascomycota;Leotiomycetes;Erysiphales;Erysiphaceae;Podosphaera;Podosphaera_xanthii
0	0	0.007383	6.122e-06	Eukaryota;Ascomycota;Sordariomycetes
0.007383	6.122e-06	0.007383	6.122e-06	Eukaryota;Ascomycota;Sordariomycetes;Glomerellales
0.7371	0.0006112	0.9372	0.0007771	Eukaryota;Ascomycota;Dothideomycetes
0	0	0.1983	0.0001644	Eukaryota;Ascomycota;Dothideomycetes;Cladosporiales
0	0	0.1983	0.0001644	Eukaryota;Ascomycota;Dothideomycetes;Cladosporiales;Cladosporiaceae
0.1983	0.0001644	0.1983	0.0001644	Eukaryota;Ascomycota;Dothideomycetes;Cladosporiales;Cladosporiaceae;Cladosporium
0	0	0.001785	1.48e-06	Eukaryota;Ascomycota;Dothideomycetes;Dothideales
0	0	0.001785	1.48e-06	Eukaryota;Ascomycota;Dothideomycetes;Dothideales;Dothioraceae
0	0	0.001785	1.48e-06	Eukaryota;Ascomycota;Dothideomycetes;Dothideales;Dothioraceae;Sydowia
0.001785	1.48e-06	0.001785	1.48e-06	Eukaryota;Ascomycota;Dothideomycetes;Dothideales;Dothioraceae;Sydowia;Sydowia_polyspora
0.06851	5.681e-05	0.06851	5.681e-05	Eukaryota;Gnathostomulida
0	0	8.953e-07	7.423e-10	Eukaryota;Gnathostomulida;Filospermoidea
0	0	8.953e-07	7.423e-10	Eukaryota;Gnathostomulida;Filospermoidea;Filospermoidea
0	0	8.953e-07	7.423e-10	Eukaryota;Gnathostomulida;Filospermoidea;Filospermoidea;Haplognathiidae
0	0	8.953e-07	7.423e-10	Eukaryota;Gnathostomulida;Filospermoidea;Filospermoidea;Haplognathiidae;Haplognathia
8.953e-07	7.423e-10	8.953e-07	7.423e-10	Eukaryota;Gnathostomulida;Filospermoidea;Filospermoidea;Haplognathiidae;Haplognathia;Haplognathia_ruberrima
0	0	0.3594	0.000298	Eukaryota;Euglenozoa
0.03187	2.642e-05	0.03187	2.642e-05	Eukaryota;Euglenozoa;Euglenida
0	0	0.3276	0.0002716	Eukaryota;Euglenozoa;Diplonemea
0.3276	0.0002716	0.3276	0.0002716	Eukaryota;Euglenozoa;Diplonemea;Diplonemea
1.486	0.001232	3.053	0.002532	Eukaryota;Nemertea
0	0	0.4784	0.0003966	Eukaryota;Nemertea;Palaeonemertea
0	0	0.1621	0.0001344	Eukaryota;Nemertea;Palaeonemertea;Cephalothricidae
0.1621	0.0001344	0.1621	0.0001344	Eukaryota;Nemertea;Palaeonemertea;Cephalothricidae;Cephalothricidae
0	0	0.3162	0.0002622	Eukaryota;Nemertea;Palaeonemertea;Tubulanidae
0.3162	0.0002622	0.3162	0.0002622	Eukaryota;Nemertea;Palaeonemertea;Tubulanidae;Tubulanidae
0.2248	0.0001864	1.048	0.000869	Eukaryota;Nemertea;Enopla
0	0	0.6994	0.0005799	Eukaryota;Nemertea;Enopla;Bdellonemertea
0	0	0.6994	0.0005799	Eukaryota;Nemertea;Enopla;Bdellonemertea;Malacobdellidae
0.6994	0.0005799	0.6994	0.0005799	Eukaryota;Nemertea;Enopla;Bdellonemertea;Malacobdellidae;Malacobdella
0.1237	0.0001026	0.1237	0.0001026	Eukaryota;Nemertea;Enopla;Polystilifera
0.0328	2.72e-05	0.04109	3.407e-05	Eukaryota;Nemertea;Pilidiophora
0	0	0.008293	6.876e-06	Eukaryota;Nemertea;Pilidiophora;Hubrechtidae
0	0	0.008293	6.876e-06	Eukaryota;Nemertea;Pilidiophora;Hubrechtidae;Hubrechtidae
0.008293	6.876e-06	0.008293	6.876e-06	Eukaryota;Nemertea;Pilidiophora;Hubrechtidae;Hubrechtidae;Hubrechtella
1.561	0.001294	3.185	0.002641	Eukaryota;Nematoda
0.1744	0.0001446	0.4418	0.0003663	Eukaryota;Nematoda;Enoplea
0	0	9.438e-06	7.825e-09	Eukaryota;Nematoda;Enoplea;Mermithida
9.438e-06	7.825e-09	9.438e-06	7.825e-09	Eukaryota;Nematoda;Enoplea;Mermithida;Mermithidae
0.1092	9.055e-05	0.1092	9.055e-05	Eukaryota;Nematoda;Enoplea;Dioctophymatida
0.04833	4.007e-05	0.04833	4.007e-05	Eukaryota;Nematoda;Enoplea;Enoplida
0.04497	3.728e-05	0.04497	3.728e-05	Eukaryota;Nematoda;Enoplea;Trichinellida
0.06485	5.377e-05	0.06485	5.377e-05	Eukaryota;Nematoda;Enoplea;Dorylaimida
0.817	0.0006774	1.182	0.0009803	Eukaryota;Nematoda;Chromadorea
1.275e-05	1.057e-08	1.275e-05	1.057e-08	Eukaryota;Nematoda;Chromadorea;Monhysterida
1.338e-05	1.109e-08	1.338e-05	1.109e-08	Eukaryota;Nematoda;Chromadorea;Chromadorida
1.066e-05	8.837e-09	1.066e-05	8.837e-09	Eukaryota;Nematoda;Chromadorea;Desmodorida
0.267	0.0002213	0.267	0.0002213	Eukaryota;Nematoda;Chromadorea;Plectida
0.09829	8.15e-05	0.09829	8.15e-05	Eukaryota;Nematoda;Chromadorea;Araeolaimida
0	0	0.2101	0.0001742	Eukaryota;Pinguiophyceae
0	0	0.2101	0.0001742	Eukaryota;Pinguiophyceae;Pinguiophyceae
0	0	0.2101	0.0001742	Eukaryota;Pinguiophyceae;Pinguiophyceae;Pinguiochrysidales
0.2101	0.0001742	0.2101	0.0001742	Eukaryota;Pinguiophyceae;Pinguiophyceae;Pinguiochrysidales;Pinguiochrysidaceae
0	0	2.946	0.002443	Eukaryota;Oomycota
2.194	0.001819	2.946	0.002443	Eukaryota;Oomycota;Oomycota
0	0	0.04168	3.456e-05	Eukaryota;Oomycota;Oomycota;Albuginales
0.04168	3.456e-05	0.04168	3.456e-05	Eukaryota;Oomycota;Oomycota;Albuginales;Albuginaceae
0.03154	2.615e-05	0.03154	2.615e-05	Eukaryota;Oomycota;Oomycota;Myzocytiopsidales
0.03251	2.695e-05	0.03251	2.695e-05	Eukaryota;Oomycota;Oomycota;Peronosporales
0.6467	0.0005362	0.6467	0.0005362	Eukaryota;Oomycota;Oomycota;Lagenidiales
0	0	4.478	0.003713	Eukaryota;Bigyra
0	0	4.478	0.003713	Eukaryota;Bigyra;Bigyra
0	0	0.522	0.0004328	Eukaryota;Bigyra;Bigyra;Thraustochytrida
0.522	0.0004328	0.522	0.0004328	Eukaryota;Bigyra;Bigyra;Thraustochytrida;Thraustochytriaceae
3.956	0.00328	3.956	0.00328	Eukaryota;Bigyra;Bigyra;Bicosoecida
0	0	0.1788	0.0001482	Eukaryota;Xanthophyceae
0.1788	0.0001482	0.1788	0.0001482	Eukaryota;Xanthophyceae;Xanthophyceae
0	0	0.04812	3.99e-05	Eukaryota;Ciliophora
0	0	0.04812	3.99e-05	Eukaryota;Ciliophora;Oligohymenophorea
0.04812	3.99e-05	0.04812	3.99e-05	Eukaryota;Ciliophora;Oligohymenophorea;Peniculida
0	0	0.006974	5.782e-06	Eukaryota;Micrognathozoa
0	0	0.006974	5.782e-06	Eukaryota;Micrognathozoa;Micrognathozoa
0	0	0.006974	5.782e-06	Eukaryota;Micrognathozoa;Micrognathozoa;Limnognathida
0	0	0.006974	5.782e-06	Eukaryota;Micrognathozoa;Micrognathozoa;Limnognathida;Limnognathidae
0	0	0.006974	5.782e-06	Eukaryota;Micrognathozoa;Micrognathozoa;Limnognathida;Limnognathidae;Limnognathia
0.006974	5.782e-06	0.006974	5.782e-06	Eukaryota;Micrognathozoa;Micrognathozoa;Limnognathida;Limnognathidae;Limnognathia;Limnognathia_maerski
0	0	0.1779	0.0001475	Eukaryota;Xenacoelomorpha
0	0	0.04297	3.562e-05	Eukaryota;Xenacoelomorpha;Nemertodermatida
0	0	0.04297	3.562e-05	Eukaryota;Xenacoelomorpha;Nemertodermatida;Nemertodermatida
0.04297	3.562e-05	0.04297	3.562e-05	Eukaryota;Xenacoelomorpha;Nemertodermatida;Nemertodermatida;Nemertodermatidae
0	0	0.1349	0.0001119	Eukaryota;Xenacoelomorpha;Xenoturbellidae
0	0	0.1349	0.0001119	Eukaryota;Xenacoelomorpha;Xenoturbellidae;Xenoturbellidae
0	0	0.1349	0.0001119	Eukaryota;Xenacoelomorpha;Xenoturbellidae;Xenoturbellidae;Xenoturbellidae
0.1349	0.0001119	0.1349	0.0001119	Eukaryota;Xenacoelomorpha;Xenoturbellidae;Xenoturbellidae;Xenoturbellidae;Xenoturbella
0	0	0.006331	5.249e-06	Eukaryota;Tardigrada
0	0	0.006331	5.249e-06	Eukaryota;Tardigrada;Heterotardigrada
0	0	0.006331	5.249e-06	Eukaryota;Tardigrada;Heterotardigrada;Arthrotardigrada
0	0	0.006331	5.249e-06	Eukaryota;Tardigrada;Heterotardigrada;Arthrotardigrada;Batillipedidae
0.006331	5.249e-06	0.006331	5.249e-06	Eukaryota;Tardigrada;Heterotardigrada;Arthrotardigrada;Batillipedidae;Batillipes
0	0	0.3666	0.0003039	Eukaryota;Hemichordata
0.3096	0.0002567	0.3666	0.0003039	Eukaryota;Hemichordata;Enteropneusta
0	0	0.05696	4.723e-05	Eukaryota;Hemichordata;Enteropneusta;Harrimaniidae
0.05696	4.723e-05	0.05696	4.723e-05	Eukaryota;Hemichordata;Enteropneusta;Harrimaniidae;Harrimaniidae
0	0	6	0.004974	Eukaryota;Cercozoa
3.195	0.002649	6	0.004974	Eukaryota;Cercozoa;Chlorarachniophyceae
0	0	2.5	0.002073	Eukaryota;Cercozoa;Chlorarachniophyceae;Chlorarachnion
0	0	2.5	0.002073	Eukaryota;Cercozoa;Chlorarachniophyceae;Chlorarachnion;Chlorarachnion
0	0	2.5	0.002073	Eukaryota;Cercozoa;Chlorarachniophyceae;Chlorarachnion;Chlorarachnion;Chlorarachnion
2.5	0.002073	2.5	0.002073	Eukaryota;Cercozoa;Chlorarachniophyceae;Chlorarachnion;Chlorarachnion;Chlorarachnion;Chlorarachnion_reptans
0	0	0.3046	0.0002525	Eukaryota;Cercozoa;Chlorarachniophyceae;Lotharella
0	0	0.3046	0.0002525	Eukaryota;Cercozoa;Chlorarachniophyceae;Lotharella;Lotharella
0	0	0.3046	0.0002525	Eukaryota;Cercozoa;Chlorarachniophyceae;Lotharella;Lotharella;Lotharella
0.3046	0.0002525	0.3046	0.0002525	Eukaryota;Cercozoa;Chlorarachniophyceae;Lotharella;Lotharella;Lotharella;Lotharella_oceanica
0	0	0.03728	3.091e-05	Eukaryota;Cycliophora
0	0	0.03728	3.091e-05	Eukaryota;Cycliophora;Symbion
0	0	0.03728	3.091e-05	Eukaryota;Cycliophora;Symbion;Symbion
0	0	0.03728	3.091e-05	Eukaryota;Cycliophora;Symbion;Symbion;Symbion
0.03728	3.091e-05	0.03728	3.091e-05	Eukaryota;Cycliophora;Symbion;Symbion;Symbion;Symbion
0	0	0.5	0.0004146	Eukaryota;Ichthyosporea
0	0	0.5	0.0004146	Eukaryota;Ichthyosporea;Ichthyosporea
0	0	0.5	0.0004146	Eukaryota;Ichthyosporea;Ichthyosporea;Dermocystida
0	0	0.5	0.0004146	Eukaryota;Ichthyosporea;Ichthyosporea;Dermocystida;Sphaerothecum
0	0	0.5	0.0004146	Eukaryota;Ichthyosporea;Ichthyosporea;Dermocystida;Sphaerothecum;Sphaerothecum
0.5	0.0004146	0.5	0.0004146	Eukaryota;Ichthyosporea;Ichthyosporea;Dermocystida;Sphaerothecum;Sphaerothecum;Sphaerothecum_destruens
0	0	0.9912	0.0008218	Eukaryota;Rotifera
0.4127	0.0003422	0.9912	0.0008218	Eukaryota;Rotifera;Bdelloidea
0	0	0.5785	0.0004796	Eukaryota;Rotifera;Bdelloidea;Rotaria
0	0	0.5785	0.0004796	Eukaryota;Rotifera;Bdelloidea;Rotaria;Rotaria
0.5785	0.0004796	0.5785	0.0004796	Eukaryota;Rotifera;Bdelloidea;Rotaria;Rotaria;Rotaria
0	0	0.9681	0.0008027	Eukaryota;Jakobida
0	0	0.9681	0.0008027	Eukaryota;Jakobida;Jakobida
0.9681	0.0008027	0.9681	0.0008027	Eukaryota;Jakobida;Jakobida;Jakobida
11.76	0.009751	11.76	0.009751	DISTANT
164.5	0.1364	779.3	0.6462	Bacteria
8.858	0.007345	595.2	0.4935	Bacteria;Proteobacteria
0	0	2.747	0.002278	Bacteria;Proteobacteria;Betaproteobacteria
0	0	2.747	0.002278	Bacteria;Proteobacteria;Betaproteobacteria;Nitrosomonadales
0	0	1.991	0.001651	Bacteria;Proteobacteria;Betaproteobacteria;Nitrosomonadales;Nitrosomonadaceae
1.991	0.001651	1.991	0.001651	Bacteria;Proteobacteria;Betaproteobacteria;Nitrosomonadales;Nitrosomonadaceae;Nitrosomonadaceae
0.7565	0.0006272	0.7565	0.0006272	Bacteria;Proteobacteria;Betaproteobacteria;Nitrosomonadales;unclassified_Nitrosomonadales_OM43_clade
10.23	0.008482	20.81	0.01725	Bacteria;Proteobacteria;Gammaproteobacteria
0.4588	0.0003804	1.685	0.001397	Bacteria;Proteobacteria;Gammaproteobacteria;Oceanospirillales
0	0	0.4839	0.0004012	Bacteria;Proteobacteria;Gammaproteobacteria;Oceanospirillales;Oceanospirillales
0	0	0.4839	0.0004012	Bacteria;Proteobacteria;Gammaproteobacteria;Oceanospirillales;Oceanospirillales;incertae
0	0	0.4839	0.0004012	Bacteria;Proteobacteria;Gammaproteobacteria;Oceanospirillales;Oceanospirillales;incertae;sedis
0	0	0.4839	0.0004012	Bacteria;Proteobacteria;Gammaproteobacteria;Oceanospirillales;Oceanospirillales;incertae;sedis;Oceanospirillales
0	0	0.4839	0.0004012	Bacteria;Proteobacteria;Gammaproteobacteria;Oceanospirillales;Oceanospirillales;incertae;sedis;Oceanospirillales;incertae
0	0	0.4839	0.0004012	Bacteria;Proteobacteria;Gammaproteobacteria;Oceanospirillales;Oceanospirillales;incertae;sedis;Oceanospirillales;incertae;sedis
0	0	0.4839	0.0004012	Bacteria;Proteobacteria;Gammaproteobacteria;Oceanospirillales;Oceanospirillales;incertae;sedis;Oceanospirillales;incertae;sedis;Pelagibaculum
0	0	0.4839	0.0004012	Bacteria;Proteobacteria;Gammaproteobacteria;Oceanospirillales;Oceanospirillales;incertae;sedis;Oceanospirillales;incertae;sedis;Pelagibaculum;Pelagibaculum
0	0	0.4839	0.0004012	Bacteria;Proteobacteria;Gammaproteobacteria;Oceanospirillales;Oceanospirillales;incertae;sedis;Oceanospirillales;incertae;sedis;Pelagibaculum;Pelagibaculum;spongiae
0	0	0.4839	0.0004012	Bacteria;Proteobacteria;Gammaproteobacteria;Oceanospirillales;Oceanospirillales;incertae;sedis;Oceanospirillales;incertae;sedis;Pelagibaculum;Pelagibaculum;spongiae;7477
0	0	0.4839	0.0004012	Bacteria;Proteobacteria;Gammaproteobacteria;Oceanospirillales;Oceanospirillales;incertae;sedis;Oceanospirillales;incertae;sedis;Pelagibaculum;Pelagibaculum;spongiae;7477;Pelagibaculum
0	0	0.4839	0.0004012	Bacteria;Proteobacteria;Gammaproteobacteria;Oceanospirillales;Oceanospirillales;incertae;sedis;Oceanospirillales;incertae;sedis;Pelagibaculum;Pelagibaculum;spongiae;7477;Pelagibaculum;spongiae
0.4839	0.0004012	0.4839	0.0004012	Bacteria;Proteobacteria;Gammaproteobacteria;Oceanospirillales;Oceanospirillales;incertae;sedis;Oceanospirillales;incertae;sedis;Pelagibaculum;Pelagibaculum;spongiae;7477;Pelagibaculum;spongiae;7477
0	0	0.008916	7.392e-06	Bacteria;Proteobacteria;Gammaproteobacteria;Oceanospirillales;Oleiphilaceae
0	0	0.008916	7.392e-06	Bacteria;Proteobacteria;Gammaproteobacteria;Oceanospirillales;Oleiphilaceae;Oleiphilaceae
0.008916	7.392e-06	0.008916	7.392e-06	Bacteria;Proteobacteria;Gammaproteobacteria;Oceanospirillales;Oleiphilaceae;Oleiphilaceae;Oleiphilus
0	0	0.7336	0.0006083	Bacteria;Proteobacteria;Gammaproteobacteria;Oceanospirillales;Endozoicomonadaceae
0.7336	0.0006083	0.7336	0.0006083	Bacteria;Proteobacteria;Gammaproteobacteria;Oceanospirillales;Endozoicomonadaceae;Endozoicomonadaceae
0	0	0.01801	1.493e-05	Bacteria;Proteobacteria;Gammaproteobacteria;Thiotrichales
0	0	0.01801	1.493e-05	Bacteria;Proteobacteria;Gammaproteobacteria;Thiotrichales;Thiotrichaceae
0.01801	1.493e-05	0.01801	1.493e-05	Bacteria;Proteobacteria;Gammaproteobacteria;Thiotrichales;Thiotrichaceae;Thiotrichaceae
0	0	3.115	0.002583	Bacteria;Proteobacteria;Gammaproteobacteria;Cellvibrionales
0	0	2.134	0.001769	Bacteria;Proteobacteria;Gammaproteobacteria;Cellvibrionales;Spongiibacteraceae
2.134	0.001769	2.134	0.001769	Bacteria;Proteobacteria;Gammaproteobacteria;Cellvibrionales;Spongiibacteraceae;Spongiibacteraceae
0	0	4.65e-07	3.855e-10	Bacteria;Proteobacteria;Gammaproteobacteria;Cellvibrionales;Porticoccaceae
0	0	4.65e-07	3.855e-10	Bacteria;Proteobacteria;Gammaproteobacteria;Cellvibrionales;Porticoccaceae;Porticoccaceae
4.65e-07	3.855e-10	4.65e-07	3.855e-10	Bacteria;Proteobacteria;Gammaproteobacteria;Cellvibrionales;Porticoccaceae;Porticoccaceae;unclassified_Porticoccaceae
0	0	0.981	0.0008133	Bacteria;Proteobacteria;Gammaproteobacteria;Cellvibrionales;Microbulbiferaceae
0	0	0.981	0.0008133	Bacteria;Proteobacteria;Gammaproteobacteria;Cellvibrionales;Microbulbiferaceae;Microbulbiferaceae
0.981	0.0008133	0.981	0.0008133	Bacteria;Proteobacteria;Gammaproteobacteria;Cellvibrionales;Microbulbiferaceae;Microbulbiferaceae;Microbulbifer
0	0	2.416	0.002003	Bacteria;Proteobacteria;Gammaproteobacteria;Methylococcales
0	0	2.416	0.002003	Bacteria;Proteobacteria;Gammaproteobacteria;Methylococcales;Methylococcaceae
2.416	0.002003	2.416	0.002003	Bacteria;Proteobacteria;Gammaproteobacteria;Methylococcales;Methylococcaceae;Methylococcaceae
0	0	1.796	0.001489	Bacteria;Proteobacteria;Gammaproteobacteria;Gammaproteobacteria
0	0	1.796	0.001489	Bacteria;Proteobacteria;Gammaproteobacteria;Gammaproteobacteria;incertae
0	0	1.796	0.001489	Bacteria;Proteobacteria;Gammaproteobacteria;Gammaproteobacteria;incertae;sedis
0	0	0.1823	0.0001512	Bacteria;Proteobacteria;Gammaproteobacteria;Gammaproteobacteria;incertae;sedis;Candidatus_Competibacteraceae
0.1823	0.0001512	0.1823	0.0001512	Bacteria;Proteobacteria;Gammaproteobacteria;Gammaproteobacteria;incertae;sedis;Candidatus_Competibacteraceae;Candidatus_Competibacteraceae
0	0	1.613	0.001338	Bacteria;Proteobacteria;Gammaproteobacteria;Gammaproteobacteria;incertae;sedis;SAR86
0	0	1.613	0.001338	Bacteria;Proteobacteria;Gammaproteobacteria;Gammaproteobacteria;incertae;sedis;SAR86;cluster
0	0	1.613	0.001338	Bacteria;Proteobacteria;Gammaproteobacteria;Gammaproteobacteria;incertae;sedis;SAR86;cluster;SAR86
1.613	0.001338	1.613	0.001338	Bacteria;Proteobacteria;Gammaproteobacteria;Gammaproteobacteria;incertae;sedis;SAR86;cluster;SAR86;cluster
0	0	1.545	0.001281	Bacteria;Proteobacteria;Gammaproteobacteria;Chromatiales
0	0	1.366	0.001132	Bacteria;Proteobacteria;Gammaproteobacteria;Chromatiales;Chromatiales_incertae_sedis
0	0	1.366	0.001132	Bacteria;Proteobacteria;Gammaproteobacteria;Chromatiales;Chromatiales_incertae_sedis;Thiohalobacter
1.366	0.001132	1.366	0.001132	Bacteria;Proteobacteria;Gammaproteobacteria;Chromatiales;Chromatiales_incertae_sedis;Thiohalobacter;Thiohalobacter_thiocyanaticus_2
0	0	0.1796	0.0001489	Bacteria;Proteobacteria;Gammaproteobacteria;Chromatiales;Wenzhouxiangellaceae
0	0	0.1796	0.0001489	Bacteria;Proteobacteria;Gammaproteobacteria;Chromatiales;Wenzhouxiangellaceae;Wenzhouxiangellaceae
0.1796	0.0001489	0.1796	0.0001489	Bacteria;Proteobacteria;Gammaproteobacteria;Chromatiales;Wenzhouxiangellaceae;Wenzhouxiangellaceae;Wenzhouxiangella
0	0	0.002561	2.124e-06	Bacteria;Proteobacteria;Gammaproteobacteria;Legionellales
0	0	0.002561	2.124e-06	Bacteria;Proteobacteria;Gammaproteobacteria;Legionellales;Legionellaceae
0.002561	2.124e-06	0.002561	2.124e-06	Bacteria;Proteobacteria;Gammaproteobacteria;Legionellales;Legionellaceae;Legionellaceae
0	0	0.6514	0.0005401	Bacteria;Proteobacteria;Hydrogenophilalia
0	0	0.6514	0.0005401	Bacteria;Proteobacteria;Hydrogenophilalia;Hydrogenophilales
0	0	0.6514	0.0005401	Bacteria;Proteobacteria;Hydrogenophilalia;Hydrogenophilales;Hydrogenophilales
0	0	0.6514	0.0005401	Bacteria;Proteobacteria;Hydrogenophilalia;Hydrogenophilales;Hydrogenophilales;incertae
0	0	0.6514	0.0005401	Bacteria;Proteobacteria;Hydrogenophilalia;Hydrogenophilales;Hydrogenophilales;incertae;sedis
0	0	0.6514	0.0005401	Bacteria;Proteobacteria;Hydrogenophilalia;Hydrogenophilales;Hydrogenophilales;incertae;sedis;Hydrogenophilales
0	0	0.6514	0.0005401	Bacteria;Proteobacteria;Hydrogenophilalia;Hydrogenophilales;Hydrogenophilales;incertae;sedis;Hydrogenophilales;incertae
0	0	0.6514	0.0005401	Bacteria;Proteobacteria;Hydrogenophilalia;Hydrogenophilales;Hydrogenophilales;incertae;sedis;Hydrogenophilales;incertae;sedis
0	0	0.6514	0.0005401	Bacteria;Proteobacteria;Hydrogenophilalia;Hydrogenophilales;Hydrogenophilales;incertae;sedis;Hydrogenophilales;incertae;sedis;Pelomicrobium
0	0	0.6514	0.0005401	Bacteria;Proteobacteria;Hydrogenophilalia;Hydrogenophilales;Hydrogenophilales;incertae;sedis;Hydrogenophilales;incertae;sedis;Pelomicrobium;Pelomicrobium
0	0	0.6514	0.0005401	Bacteria;Proteobacteria;Hydrogenophilalia;Hydrogenophilales;Hydrogenophilales;incertae;sedis;Hydrogenophilales;incertae;sedis;Pelomicrobium;Pelomicrobium;methylotrophicum
0	0	0.6514	0.0005401	Bacteria;Proteobacteria;Hydrogenophilalia;Hydrogenophilales;Hydrogenophilales;incertae;sedis;Hydrogenophilales;incertae;sedis;Pelomicrobium;Pelomicrobium;methylotrophicum;2058
0	0	0.6514	0.0005401	Bacteria;Proteobacteria;Hydrogenophilalia;Hydrogenophilales;Hydrogenophilales;incertae;sedis;Hydrogenophilales;incertae;sedis;Pelomicrobium;Pelomicrobium;methylotrophicum;2058;Pelomicrobium
0	0	0.6514	0.0005401	Bacteria;Proteobacteria;Hydrogenophilalia;Hydrogenophilales;Hydrogenophilales;incertae;sedis;Hydrogenophilales;incertae;sedis;Pelomicrobium;Pelomicrobium;methylotrophicum;2058;Pelomicrobium;methylotrophicum
0.6514	0.0005401	0.6514	0.0005401	Bacteria;Proteobacteria;Hydrogenophilalia;Hydrogenophilales;Hydrogenophilales;incertae;sedis;Hydrogenophilales;incertae;sedis;Pelomicrobium;Pelomicrobium;methylotrophicum;2058;Pelomicrobium;methylotrophicum;2058
205	0.17	562.2	0.4661	Bacteria;Proteobacteria;Alphaproteobacteria
0	0	262.8	0.2179	Bacteria;Proteobacteria;Alphaproteobacteria;Alphaproteobacteria
0	0	262.8	0.2179	Bacteria;Proteobacteria;Alphaproteobacteria;Alphaproteobacteria;incertae
101.4	0.0841	262.8	0.2179	Bacteria;Proteobacteria;Alphaproteobacteria;Alphaproteobacteria;incertae;sedis
0	0	161.4	0.1338	Bacteria;Proteobacteria;Alphaproteobacteria;Alphaproteobacteria;incertae;sedis;SAR116
156.6	0.1299	161.4	0.1338	Bacteria;Proteobacteria;Alphaproteobacteria;Alphaproteobacteria;incertae;sedis;SAR116;cluster
0	0	4.771	0.003956	Bacteria;Proteobacteria;Alphaproteobacteria;Alphaproteobacteria;incertae;sedis;SAR116;cluster;SAR116
0	0	4.771	0.003956	Bacteria;Proteobacteria;Alphaproteobacteria;Alphaproteobacteria;incertae;sedis;SAR116;cluster;SAR116;cluster
0	0	4.771	0.003956	Bacteria;Proteobacteria;Alphaproteobacteria;Alphaproteobacteria;incertae;sedis;SAR116;cluster;SAR116;cluster;Candidatus_Puniceispirillum
4.771	0.003956	4.771	0.003956	Bacteria;Proteobacteria;Alphaproteobacteria;Alphaproteobacteria;incertae;sedis;SAR116;cluster;SAR116;cluster;Candidatus_Puniceispirillum;Candidatus_Puniceispirillum_marinum
20.06	0.01664	26.79	0.02221	Bacteria;Proteobacteria;Alphaproteobacteria;Rhodospirillales
0	0	1.571	0.001303	Bacteria;Proteobacteria;Alphaproteobacteria;Rhodospirillales;Rhodospirillaceae
1.571	0.001303	1.571	0.001303	Bacteria;Proteobacteria;Alphaproteobacteria;Rhodospirillales;Rhodospirillaceae;Rhodospirillaceae
0	0	2.396	0.001987	Bacteria;Proteobacteria;Alphaproteobacteria;Rhodospirillales;Geminicoccaceae
0	0	2.396	0.001987	Bacteria;Proteobacteria;Alphaproteobacteria;Rhodospirillales;Geminicoccaceae;Geminicoccaceae
0	0	2.396	0.001987	Bacteria;Proteobacteria;Alphaproteobacteria;Rhodospirillales;Geminicoccaceae;Geminicoccaceae;Arboricoccus
2.396	0.001987	2.396	0.001987	Bacteria;Proteobacteria;Alphaproteobacteria;Rhodospirillales;Geminicoccaceae;Geminicoccaceae;Arboricoccus;Arboricoccus_pini
0	0	0.2356	0.0001953	Bacteria;Proteobacteria;Alphaproteobacteria;Rhodospirillales;Kiloniellaceae
0.2356	0.0001953	0.2356	0.0001953	Bacteria;Proteobacteria;Alphaproteobacteria;Rhodospirillales;Kiloniellaceae;Kiloniellaceae
0	0	0.8775	0.0007276	Bacteria;Proteobacteria;Alphaproteobacteria;Rhodospirillales;Elioraeaceae
0	0	0.8775	0.0007276	Bacteria;Proteobacteria;Alphaproteobacteria;Rhodospirillales;Elioraeaceae;Elioraeaceae
0	0	0.8775	0.0007276	Bacteria;Proteobacteria;Alphaproteobacteria;Rhodospirillales;Elioraeaceae;Elioraeaceae;Elioraea
0	0	0.8775	0.0007276	Bacteria;Proteobacteria;Alphaproteobacteria;Rhodospirillales;Elioraeaceae;Elioraeaceae;Elioraea;unclassified_Elioraea
0.8775	0.0007276	0.8775	0.0007276	Bacteria;Proteobacteria;Alphaproteobacteria;Rhodospirillales;Elioraeaceae;Elioraeaceae;Elioraea;unclassified_Elioraea;Elioraea_sp._Yellowstone
0	0	1.153	0.0009556	Bacteria;Proteobacteria;Alphaproteobacteria;Rhodospirillales;Azospirillaceae
1.153	0.0009556	1.153	0.0009556	Bacteria;Proteobacteria;Alphaproteobacteria;Rhodospirillales;Azospirillaceae;Azospirillaceae
0	0	0.1099	9.111e-05	Bacteria;Proteobacteria;Alphaproteobacteria;Rhodospirillales;Rhodospirillales
0	0	0.1099	9.111e-05	Bacteria;Proteobacteria;Alphaproteobacteria;Rhodospirillales;Rhodospirillales;incertae
0	0	0.1099	9.111e-05	Bacteria;Proteobacteria;Alphaproteobacteria;Rhodospirillales;Rhodospirillales;incertae;sedis
0.1099	9.111e-05	0.1099	9.111e-05	Bacteria;Proteobacteria;Alphaproteobacteria;Rhodospirillales;Rhodospirillales;incertae;sedis;Rhodospirillales_incertae_sedis
0	0	0.3822	0.0003169	Bacteria;Proteobacteria;Alphaproteobacteria;Rhodospirillales;Zavarziniaceae
0	0	0.3822	0.0003169	Bacteria;Proteobacteria;Alphaproteobacteria;Rhodospirillales;Zavarziniaceae;Zavarziniaceae
0.3822	0.0003169	0.3822	0.0003169	Bacteria;Proteobacteria;Alphaproteobacteria;Rhodospirillales;Zavarziniaceae;Zavarziniaceae;Zavarzinia
0	0	8.179	0.006781	Bacteria;Proteobacteria;Alphaproteobacteria;Holosporales
0	0	5.763	0.004779	Bacteria;Proteobacteria;Alphaproteobacteria;Holosporales;Candidatus_Paracaedibacteraceae
0	0	5.763	0.004779	Bacteria;Proteobacteria;Alphaproteobacteria;Holosporales;Candidatus_Paracaedibacteraceae;Candidatus_Paracaedibacter
0	0	5.763	0.004779	Bacteria;Proteobacteria;Alphaproteobacteria;Holosporales;Candidatus_Paracaedibacteraceae;Candidatus_Paracaedibacter;Candidatus_Paracaedibacter
0	0	5.763	0.004779	Bacteria;Proteobacteria;Alphaproteobacteria;Holosporales;Candidatus_Paracaedibacteraceae;Candidatus_Paracaedibacter;Candidatus_Paracaedibacter;acanthamoebae
5.763	0.004779	5.763	0.004779	Bacteria;Proteobacteria;Alphaproteobacteria;Holosporales;Candidatus_Paracaedibacteraceae;Candidatus_Paracaedibacter;Candidatus_Paracaedibacter;acanthamoebae;2589
0	0	2.415	0.002003	Bacteria;Proteobacteria;Alphaproteobacteria;Holosporales;Caedimonadaceae
2.415	0.002003	2.415	0.002003	Bacteria;Proteobacteria;Alphaproteobacteria;Holosporales;Caedimonadaceae;Caedimonadaceae
0	0	9.721	0.00806	Bacteria;Proteobacteria;Alphaproteobacteria;Rickettsiales
0	0	9.721	0.00806	Bacteria;Proteobacteria;Alphaproteobacteria;Rickettsiales;Anaplasmataceae
9.721	0.00806	9.721	0.00806	Bacteria;Proteobacteria;Alphaproteobacteria;Rickettsiales;Anaplasmataceae;Anaplasmataceae
0	0	1.289	0.001069	Bacteria;Proteobacteria;Alphaproteobacteria;Maricaulales
0	0	1.289	0.001069	Bacteria;Proteobacteria;Alphaproteobacteria;Maricaulales;Robiginitomaculaceae
0	0	1.289	0.001069	Bacteria;Proteobacteria;Alphaproteobacteria;Maricaulales;Robiginitomaculaceae;Robiginitomaculaceae
0	0	1.289	0.001069	Bacteria;Proteobacteria;Alphaproteobacteria;Maricaulales;Robiginitomaculaceae;Robiginitomaculaceae;Litorimonas
1.289	0.001069	1.289	0.001069	Bacteria;Proteobacteria;Alphaproteobacteria;Maricaulales;Robiginitomaculaceae;Robiginitomaculaceae;Litorimonas;Litorimonas_taeanensis
0	0	1.048	0.0008689	Bacteria;Proteobacteria;Alphaproteobacteria;Iodidimonadales
0	0	1.048	0.0008689	Bacteria;Proteobacteria;Alphaproteobacteria;Iodidimonadales;Iodidimonadaceae
0	0	1.048	0.0008689	Bacteria;Proteobacteria;Alphaproteobacteria;Iodidimonadales;Iodidimonadaceae;Iodidimonadaceae
0	0	1.048	0.0008689	Bacteria;Proteobacteria;Alphaproteobacteria;Iodidimonadales;Iodidimonadaceae;Iodidimonadaceae;Iodidimonas
1.048	0.0008689	1.048	0.0008689	Bacteria;Proteobacteria;Alphaproteobacteria;Iodidimonadales;Iodidimonadaceae;Iodidimonadaceae;Iodidimonas;Iodidimonas_gelatinilytica
3.018	0.002502	4.384	0.003635	Bacteria;Proteobacteria;Alphaproteobacteria;Sphingomonadales
0	0	0.007395	6.131e-06	Bacteria;Proteobacteria;Alphaproteobacteria;Sphingomonadales;unclassified_Sphingomonadales
0.007395	6.131e-06	0.007395	6.131e-06	Bacteria;Proteobacteria;Alphaproteobacteria;Sphingomonadales;unclassified_Sphingomonadales;unclassified_Sphingomonadales
0	0	1.253	0.001039	Bacteria;Proteobacteria;Alphaproteobacteria;Sphingomonadales;Erythrobacteraceae
1.253	0.001039	1.253	0.001039	Bacteria;Proteobacteria;Alphaproteobacteria;Sphingomonadales;Erythrobacteraceae;Erythrobacteraceae
0	0	0.1062	8.806e-05	Bacteria;Proteobacteria;Alphaproteobacteria;Sphingomonadales;Sphingomonadaceae
0.1062	8.806e-05	0.1062	8.806e-05	Bacteria;Proteobacteria;Alphaproteobacteria;Sphingomonadales;Sphingomonadaceae;Sphingomonadaceae
1.55	0.001285	5.238	0.004343	Bacteria;Proteobacteria;Alphaproteobacteria;Hyphomicrobiales
0	0	0.01978	1.64e-05	Bacteria;Proteobacteria;Alphaproteobacteria;Hyphomicrobiales;Rhodobiaceae
0.01978	1.64e-05	0.01978	1.64e-05	Bacteria;Proteobacteria;Alphaproteobacteria;Hyphomicrobiales;Rhodobiaceae;Rhodobiaceae
0	0	1.217	0.001009	Bacteria;Proteobacteria;Alphaproteobacteria;Hyphomicrobiales;Cohaesibacteraceae
0	0	1.217	0.001009	Bacteria;Proteobacteria;Alphaproteobacteria;Hyphomicrobiales;Cohaesibacteraceae;Cohaesibacteraceae
1.217	0.001009	1.217	0.001009	Bacteria;Proteobacteria;Alphaproteobacteria;Hyphomicrobiales;Cohaesibacteraceae;Cohaesibacteraceae;Cohaesibacter
0	0	2.45	0.002032	Bacteria;Proteobacteria;Alphaproteobacteria;Hyphomicrobiales;Rhodovibrionaceae
2.45	0.002032	2.45	0.002032	Bacteria;Proteobacteria;Alphaproteobacteria;Hyphomicrobiales;Rhodovibrionaceae;Rhodovibrionaceae
0	0	0.01339	1.111e-05	Bacteria;Proteobacteria;Alphaproteobacteria;Micropepsales
0	0	0.01339	1.111e-05	Bacteria;Proteobacteria;Alphaproteobacteria;Micropepsales;Micropepsaceae
0	0	0.01339	1.111e-05	Bacteria;Proteobacteria;Alphaproteobacteria;Micropepsales;Micropepsaceae;Micropepsaceae
0	0	0.01339	1.111e-05	Bacteria;Proteobacteria;Alphaproteobacteria;Micropepsales;Micropepsaceae;Micropepsaceae;Rhizomicrobium
0	0	0.01339	1.111e-05	Bacteria;Proteobacteria;Alphaproteobacteria;Micropepsales;Micropepsaceae;Micropepsaceae;Rhizomicrobium;unclassified_Rhizomicrobium
0.01339	1.111e-05	0.01339	1.111e-05	Bacteria;Proteobacteria;Alphaproteobacteria;Micropepsales;Micropepsaceae;Micropepsaceae;Rhizomicrobium;unclassified_Rhizomicrobium;Rhizomicrobium_sp._SCGC_AG212E05
0	0	32.76	0.02716	Bacteria;Proteobacteria;Alphaproteobacteria;Pelagibacterales
0	0	32.76	0.02716	Bacteria;Proteobacteria;Alphaproteobacteria;Pelagibacterales;Pelagibacteraceae
32.76	0.02716	32.76	0.02716	Bacteria;Proteobacteria;Alphaproteobacteria;Pelagibacterales;Pelagibacteraceae;Pelagibacteraceae
2.881	0.002389	3.767	0.003123	Bacteria;Proteobacteria;Alphaproteobacteria;Rhodobacterales
0	0	0.8856	0.0007343	Bacteria;Proteobacteria;Alphaproteobacteria;Rhodobacterales;unclassified_Rhodobacterales
0.8856	0.0007343	0.8856	0.0007343	Bacteria;Proteobacteria;Alphaproteobacteria;Rhodobacterales;unclassified_Rhodobacterales;unclassified_Rhodobacterales
0	0	0.4262	0.0003534	Bacteria;Proteobacteria;Alphaproteobacteria;Sneathiellales
0	0	0.4262	0.0003534	Bacteria;Proteobacteria;Alphaproteobacteria;Sneathiellales;Sneathiellaceae
0	0	0.4262	0.0003534	Bacteria;Proteobacteria;Alphaproteobacteria;Sneathiellales;Sneathiellaceae;Sneathiellaceae
0	0	0.4262	0.0003534	Bacteria;Proteobacteria;Alphaproteobacteria;Sneathiellales;Sneathiellaceae;Sneathiellaceae;Oceanibacterium
0.4262	0.0003534	0.4262	0.0003534	Bacteria;Proteobacteria;Alphaproteobacteria;Sneathiellales;Sneathiellaceae;Sneathiellaceae;Oceanibacterium;Oceanibacterium_hippocampi
0	0	0.6914	0.0005733	Bacteria;Proteobacteria;Alphaproteobacteria;Kordiimonadales
0	0	0.6914	0.0005733	Bacteria;Proteobacteria;Alphaproteobacteria;Kordiimonadales;Kordiimonadaceae
0.6914	0.0005733	0.6914	0.0005733	Bacteria;Proteobacteria;Alphaproteobacteria;Kordiimonadales;Kordiimonadaceae;Kordiimonadaceae
0	0	5.196	0.004308	Bacteria;Terrabacteria_group
1.051	0.0008716	4.217	0.003497	Bacteria;Terrabacteria_group;Firmicutes
0	0	3.166	0.002625	Bacteria;Terrabacteria_group;Firmicutes;Bacilli
0.01423	1.18e-05	3.166	0.002625	Bacteria;Terrabacteria_group;Firmicutes;Bacilli;Bacillales
3.15	0.002612	3.15	0.002612	Bacteria;Terrabacteria_group;Firmicutes;Bacilli;Bacillales;Listeriaceae
0.001529	1.268e-06	0.001529	1.268e-06	Bacteria;Terrabacteria_group;Firmicutes;Bacilli;Bacillales;Staphylococcaceae
0	0	0.9791	0.0008118	Bacteria;Terrabacteria_group;Cyanobacteria/Melainabacteria_group
0.418	0.0003465	0.9791	0.0008118	Bacteria;Terrabacteria_group;Cyanobacteria/Melainabacteria_group;Cyanobacteria
0.2973	0.0002465	0.3321	0.0002754	Bacteria;Terrabacteria_group;Cyanobacteria/Melainabacteria_group;Cyanobacteria;Oscillatoriophycideae
0	0	0.03481	2.887e-05	Bacteria;Terrabacteria_group;Cyanobacteria/Melainabacteria_group;Cyanobacteria;Oscillatoriophycideae;Geminocystaceae
0.03481	2.887e-05	0.03481	2.887e-05	Bacteria;Terrabacteria_group;Cyanobacteria/Melainabacteria_group;Cyanobacteria;Oscillatoriophycideae;Geminocystaceae;Cyanobacterium
0.1731	0.0001435	0.229	0.0001899	Bacteria;Terrabacteria_group;Cyanobacteria/Melainabacteria_group;Cyanobacteria;Pleurocapsales
0.05593	4.637e-05	0.05593	4.637e-05	Bacteria;Terrabacteria_group;Cyanobacteria/Melainabacteria_group;Cyanobacteria;Pleurocapsales;Hyellaceae
0	0	14.42	0.01196	Bacteria;PVC_group
0	0	13.37	0.01108	Bacteria;PVC_group;VerrucomicrobiaVerrucomicrobiae
0	0	13.37	0.01108	Bacteria;PVC_group;VerrucomicrobiaVerrucomicrobiae;unclassified_Verrucomicrobiae
0	0	13.37	0.01108	Bacteria;PVC_group;VerrucomicrobiaVerrucomicrobiae;unclassified_Verrucomicrobiae;unclassified_Verrucomicrobiae
0	0	13.37	0.01108	Bacteria;PVC_group;VerrucomicrobiaVerrucomicrobiae;unclassified_Verrucomicrobiae;unclassified_Verrucomicrobiae;unclassified_Verrucomicrobiae
0	0	13.37	0.01108	Bacteria;PVC_group;VerrucomicrobiaVerrucomicrobiae;unclassified_Verrucomicrobiae;unclassified_Verrucomicrobiae;unclassified_Verrucomicrobiae;Verrucomicrobiae
0	0	13.37	0.01108	Bacteria;PVC_group;VerrucomicrobiaVerrucomicrobiae;unclassified_Verrucomicrobiae;unclassified_Verrucomicrobiae;unclassified_Verrucomicrobiae;Verrucomicrobiae;bacterium
0	0	13.37	0.01108	Bacteria;PVC_group;VerrucomicrobiaVerrucomicrobiae;unclassified_Verrucomicrobiae;unclassified_Verrucomicrobiae;unclassified_Verrucomicrobiae;Verrucomicrobiae;bacterium;DG1235
13.37	0.01108	13.37	0.01108	Bacteria;PVC_group;VerrucomicrobiaVerrucomicrobiae;unclassified_Verrucomicrobiae;unclassified_Verrucomicrobiae;unclassified_Verrucomicrobiae;Verrucomicrobiae;bacterium;DG1235;4161
0.2617	0.0002169	1.052	0.0008724	Bacteria;PVC_group;Planctomycetes
0	0	0.06662	5.524e-05	Bacteria;PVC_group;Planctomycetes;Candidatus_Brocadiae
0	0	0.06662	5.524e-05	Bacteria;PVC_group;Planctomycetes;Candidatus_Brocadiae;Candidatus_Brocadiales
0.06662	5.524e-05	0.06662	5.524e-05	Bacteria;PVC_group;Planctomycetes;Candidatus_Brocadiae;Candidatus_Brocadiales;Candidatus_Brocadiaceae
0	0	0.7239	0.0006002	Bacteria;PVC_group;Planctomycetes;Planctomycetia
0	0	0.7239	0.0006002	Bacteria;PVC_group;Planctomycetes;Planctomycetia;Pirellulales
0.7239	0.0006002	0.7239	0.0006002	Bacteria;PVC_group;Planctomycetes;Planctomycetia;Pirellulales;Pirellulaceae
0	0	1.364e-05	1.131e-08	Archaea
0	0	1.364e-05	1.131e-08	Archaea;Candidatus_Thermoplasmatota
0	0	1.364e-05	1.131e-08	Archaea;Candidatus_Thermoplasmatota;Thermoplasmata
1.364e-05	1.131e-08	1.364e-05	1.131e-08	Archaea;Candidatus_Thermoplasmatota;Thermoplasmata;Thermoplasmatales
