OTU	ERR0000002	classification
ota;Arthropoda;Insecta;Mecoptera;Panorpidae;Sinopanorpa;Sinopanorpa digitiformis
ERR2:28890.729372	1811	Eukaryota;Arthropoda;Maxillopoda;Calanoida;Tortanidae;Tortanus;Tortanus discaudatus
ERR2:109720.711563	1091	Eukaryota;Arthropoda;Insecta;Coleoptera;Scirtidae;Pseudomicrocara;Pseudomicrocara anthophilia
ERR2:57500.698174	364	Eukaryota;Platyhelminthes;Cestoda;Tetraphyllidea;Onchobothriidae;Pachybothrium;Pachybothrium hutsoni
ERR2:142870.745691	294	Eukaryota;Arthropoda;Maxillopoda;Calanoida;Tortanidae;Tortanus;Tortanus discaudatus
ERR2:15910.739861	283	Eukaryota;Arthropoda;Insecta;Diptera;Drosophilidae;Scaptomyza;Scaptomyza palmae
ERR2:17840.718499	225	Eukaryota;Arthropoda;Insecta;Hemiptera;Cicadidae;Popplepsalta (nomen nudum);Popplepsalta aeroides (nomen nudum)
ERR2:99480.726061	216	Eukaryota;Arthropoda;Maxillopoda;Calanoida;Tortanidae;Tortanus;Tortanus discaudatus
ERR2:282450.705603	141	Eukaryota;Arthropoda;Maxillopoda;Calanoida;Tortanidae;Tortanus;Tortanus discaudatus
ERR2:104600.635751	138	Eukaryota;Chordata;Mammalia;Rodentia;Dipodidae;Jaculus;Jaculus jaculus
ERR2:140170.733868	133	Eukaryota;Arthropoda;Insecta;Diptera;Drosophilidae;Scaptomyza;Scaptomyza palmae
ERR2:105640.636670	125	Eukaryota;Arthropoda;Insecta;Diptera;Drosophilidae;Scaptomyza;Scaptomyza palmae
ERR2:260470.686313	123	Eukaryota;Arthropoda;Maxillopoda;Calanoida;Tortanidae;Tortanus;Tortanus discaudatus
ERR2:110770.667988	113	Eukaryota;Chordata;Amphibia;Anura;Hyperoliidae;Hyperolius;Hyperolius ocellatus
ERR2:249990.621924	82	Eukaryota;Arthropoda;Maxillopoda;Calanoida;Tortanidae;Tortanus;Tortanus discaudatus
ERR2:141530.650040	81	Eukaryota;Chordata;Actinopteri;Anguilliformes;Anguillidae;Anguilla;Anguilla nebulosa
ERR2:156950.627558	80	Eukaryota;Arthropoda;Maxillopoda;Calanoida;Tortanidae;Tortanus;Tortanus discaudatus
ERR2:538670.708823	70	Eukaryota;Arthropoda;Arachnida;Ixodida;Ixodidae;Ixodes;Ixodes ovatus
ERR2:207770.644841	61	Eukaryota;Chordata;Mammalia;Rodentia;Dipodidae;Jaculus;Jaculus jaculus
ERR2:170150.671435	47	Eukaryota;Arthropoda;Insecta;Coleoptera;Cerambycidae;Rondibilis;Rondibilis saperdina
ERR2:252380.698186	36	Eukaryota;Arthropoda;Maxillopoda;Calanoida;Tortanidae;Tortanus;Tortanus discaudatus
ERR2:340430.693225	36	Eukaryota;Arthropoda;Maxillopoda;Calanoida;Tortanidae;Tortanus;Tortanus discaudatus
ERR2:38370.691884	36	Eukaryota;Chordata;Actinopteri;Mugiliformes;Mugilidae;Cestraeus;Cestraeus goldiei
ERR2:20370.737304	34	Eukaryota;Arthropoda;Insecta;Diptera;Drosophilidae;Scaptomyza;Scaptomyza palmae
ERR2:103630.728874	33	Eukaryota;Arthropoda;Maxillopoda;Calanoida;Tortanidae;Tortanus;Tortanus discaudatus
ERR2:133660.608245	30	Eukaryota;Porifera;Demospongiae;Halichondrida;Axinellidae;Ptilocaulis;Ptilocaulis walpersi
ERR2:240870.724728	29	Eukaryota;Arthropoda;Insecta;Mecoptera;Panorpidae;Sinopanorpa;Sinopanorpa digitiformis
ERR2:110650.626305	27	Eukaryota;Arthropoda;Insecta;Coleoptera;Scirtidae;Pseudomicrocara;Pseudomicrocara anthophilia
ERR2:196210.711664	27	Eukaryota;Arthropoda;Insecta;Diptera;Simuliidae;Simulium;Simulium brevipar
ERR2:260700.711133	25	Eukaryota;Arthropoda;Insecta;Diptera;Agromyzidae;Aulagromyza;Aulagromyza luteoscutellata
ERR2:95350.713365	25	Eukaryota;Arthropoda;Insecta;Coleoptera;Chrysomelidae;Mimosestes;Mimosestes acaciestes
ERR2:120380.600626	24	Eukaryota;Chordata;Squamata;Agamidae;Pogona;Pogona vitticeps
ERR2:399450.670288	23	Eukaryota;Chordata;Chondrichthyes;Myliobatiformes;Hexatrygonidae;Hexatrygon;Hexatrygon bickelli
ERR2:199390.606420	21	Eukaryota;Mollusca;Bivalvia;Veneroida;Mactridae;Lutraria;Lutraria rhynchaena
ERR2:249350.612194	21	Eukaryota;Arthropoda;Maxillopoda;Calanoida;Tortanidae;Tortanus;Tortanus discaudatus
ERR2:38510.733966	21	Eukaryota;Arthropoda;Maxillopoda;Calanoida;Tortanidae;Tortanus;Tortanus discaudatus
ERR2:107180.710805	20	Eukaryota;Arthropoda;Insecta;Mecoptera;Panorpidae;Sinopanorpa;Sinopanorpa digitiformis
ERR2:126280.725337	20	Eukaryota;Arthropoda;Insecta;Diptera;Drosophilidae;Scaptomyza;Scaptomyza palmae
ERR2:19130.666786	20	Eukaryota;Arthropoda;Maxillopoda;Calanoida;Tortanidae;Tortanus;Tortanus discaudatus
ERR2:58370.740819	20	Eukaryota;Arthropoda;Insecta;Diptera;Drosophilidae;Scaptomyza;Scaptomyza palmae
ERR2:96280.615287	20	Eukaryota;Arthropoda;Maxillopoda;Calanoida;Tortanidae;Tortanus;Tortanus discaudatus
ERR2:121470.698112	19	Eukaryota;Arthropoda;Maxillopoda;Calanoida;Tortanidae;Tortanus;Tortanus discaudatus
ERR2:172900.606797	19	Eukaryota;Arthropoda;Insecta;Diptera;Drosophilidae;Scaptomyza;Scaptomyza palmae
ERR2:168860.646632	18	Eukaryota;Chordata;Mammalia;Rodentia;Dipodidae;Jaculus;Jaculus jaculus
ERR2:222110.648902	17	Eukaryota;Arthropoda;Insecta;Hemiptera;Anthocoridae;Anthocoris;Anthocoris dividens
ERR2:35130.718538	17	Eukaryota;Arthropoda;Maxillopoda;Calanoida;Tortanidae;Tortanus;Tortanus discaudatus
ERR2:51150.735524	17	Eukaryota;Arthropoda;Insecta;Coleoptera;Scirtidae;Pseudomicrocara;Pseudomicrocara anthophilia
ERR2:164690.700988	16	Eukaryota;Arthropoda;Maxillopoda;Calanoida;Tortanidae;Tortanus;Tortanus discaudatus
ERR2:18550.704365	16	Eukaryota;Arthropoda;Maxillopoda;Calanoida;Tortanidae;Tortanus;Tortanus discaudatus
ERR2:62360.735779	16	Eukaryota;Arthropoda;Maxillopoda;Calanoida;Tortanidae;Tortanus;Tortanus discaudatus
ERR2:77890.735864	16	Eukaryota;Arthropoda;Maxillopoda;Calanoida;Tortanidae;Tortanus;Tortanus discaudatus
ERR2:180720.608633	14	Eukaryota;Chordata;Actinopteri;Blenniiformes;Gobiesocidae;Aspasma;Aspasma minima
ERR2:206260.727642	14	Eukaryota;Arthropoda;Insecta;Diptera;Drosophilidae;Scaptomyza;Scaptomyza palmae
ERR2:303850.718835	14	Eukaryota;Arthropoda;Insecta;Diptera;Drosophilidae;Scaptomyza;Scaptomyza palmae
ERR2:504070.706268	14	Eukaryota;Arthropoda;Maxillopoda;Calanoida;Tortanidae;Tortanus;Tortanus discaudatus
ERR2:92020.723116	14	Eukaryota;Mollusca;Gastropoda;Calyptraeidae;Crepidula;Crepidula norrisiarum
ERR2:94690.608133	14	Eukaryota;Chordata;Actinopteri;Pleuronectiformes;Soleidae;Aesopia;Aesopia cornuta
ERR2:181480.710834	13	Eukaryota;Chordata;Amphibia;Anura;Hyperoliidae;Hyperolius;Hyperolius ocellatus
ERR2:372510.669104	13	Eukaryota;Arthropoda;Insecta;Coleoptera;Chrysomelidae;Bruchidius;Bruchidius siliquastri
ERR2:382070.739292	13	Eukaryota;Arthropoda;Maxillopoda;Calanoida;Tortanidae;Tortanus;Tortanus discaudatus
ERR2:471400.730431	13	Eukaryota;Arthropoda;Maxillopoda;Calanoida;Tortanidae;Tortanus;Tortanus discaudatus
ERR2:152740.730297	12	Eukaryota;Arthropoda;Insecta;Diptera;Culicidae;Anopheles;Anopheles lutzii s. l. 1 RS16
ERR2:199840.709649	12	Eukaryota;Arthropoda;Insecta;Trichoptera;Hydropsychidae;Hydropsyche;Hydropsyche yenisar
ERR2:232170.734549	12	Eukaryota;Arthropoda;Maxillopoda;Calanoida;Tortanidae;Tortanus;Tortanus discaudatus
ERR2:50840.698579	12	Eukaryota;Arthropoda;Maxillopoda;Calanoida;Tortanidae;Tortanus;Tortanus discaudatus
ERR2:166960.660588	11	Eukaryota;Arthropoda;Insecta;Coleoptera;Scirtidae;Pseudomicrocara;Pseudomicrocara anthophilia
ERR2:233370.664583	11	Eukaryota;Chordata;Actinopteri;Ophidiiformes;Bythitidae;Diplacanthopoma;Diplacanthopoma brachysoma
ERR2:259600.722260	10	Eukaryota;Arthropoda;Maxillopoda;Calanoida;Tortanidae;Tortanus;Tortanus discaudatus
ERR2:45900.677755	10	Eukaryota;Arthropoda;Maxillopoda;Calanoida;Tortanidae;Tortanus;Tortanus discaudatus
ERR2:134710.680240	9	Eukaryota;Arthropoda;Maxillopoda;Calanoida;Tortanidae;Tortanus;Tortanus discaudatus
ERR2:146910.709019	9	Eukaryota;Arthropoda;Insecta;Diptera;Chironomidae;Chaetocladius;Chaetocladius dissipatus
ERR2:156250.630441	9	Eukaryota;Arthropoda;Malacostraca;Isopoda;Cylisticus;Cylisticus convexus
ERR2:259730.610910	9	Eukaryota;Arthropoda;Insecta;Coleoptera;Curculionidae;Chlorophanus;Chlorophanus sibiricus
ERR2:30950.737880	9	Eukaryota;Arthropoda;Maxillopoda;Calanoida;Tortanidae;Tortanus;Tortanus discaudatus
ERR2:358850.735858	9	Eukaryota;Arthropoda;Insecta;Trichoptera;Leptoceridae;Triplectides;Triplectides tigrinus
ERR2:53180.721749	9	Eukaryota;Arthropoda;Maxillopoda;Calanoida;Tortanidae;Tortanus;Tortanus discaudatus
ERR2:537570.686530	9	Eukaryota;Arthropoda;Insecta;Diptera;Drosophilidae;Leucophenga;Leucophenga angusta
ERR2:62560.729801	9	Eukaryota;Arthropoda;Insecta;Diptera;Drosophilidae;Scaptomyza;Scaptomyza palmae
ERR2:102640.619703	8	Eukaryota;Chordata;Actinopteri;Kurtiformes;Apogonidae;Zapogon;Zapogon evermanni
ERR2:11880.639695	8	Eukaryota;Arthropoda;Insecta;Diptera;Drosophilidae;Scaptomyza;Scaptomyza palmae
ERR2:130900.695981	8	Eukaryota;Arthropoda;Maxillopoda;Calanoida;Pontellidae;Pontellopsis;Pontellopsis tenuicauda
ERR2:181020.719707	8	Eukaryota;Arthropoda;Maxillopoda;Calanoida;Tortanidae;Tortanus;Tortanus discaudatus
ERR2:186840.655844	8	Eukaryota;Arthropoda;Maxillopoda;Calanoida;Tortanidae;Tortanus;Tortanus discaudatus
ERR2:208440.697410	8	Eukaryota;Arthropoda;Insecta;Diptera;Drosophilidae;Drosophila;Drosophila pullipes
ERR2:383630.698713	8	Eukaryota;Arthropoda;Maxillopoda;Calanoida;Tortanidae;Tortanus;Tortanus discaudatus
ERR2:454950.718282	8	Eukaryota;Arthropoda;Insecta;Mecoptera;Panorpidae;Sinopanorpa;Sinopanorpa nangongshana
ERR2:76330.720941	8	Eukaryota;Arthropoda;Insecta;Diptera;Agromyzidae;Aulagromyza;Aulagromyza luteoscutellata
ERR2:83160.746512	8	Eukaryota;Arthropoda;Maxillopoda;Calanoida;Tortanidae;Tortanus;Tortanus discaudatus
ERR2:86610.724602	8	Eukaryota;Arthropoda;Insecta;Diptera;Agromyzidae;Aulagromyza;Aulagromyza luteoscutellata
ERR2:113100.648002	7	Eukaryota;Arthropoda;Malacostraca;Isopoda;Cylisticus;Cylisticus convexus
ERR2:130530.725831	7	Eukaryota;Arthropoda;Maxillopoda;Calanoida;Tortanidae;Tortanus;Tortanus discaudatus
ERR2:141520.697963	7	Eukaryota;Arthropoda;Insecta;Coleoptera;Scirtidae;Pseudomicrocara;Pseudomicrocara anthophilia
ERR2:175150.683595	7	Eukaryota;Chordata;Amphibia;Anura;Hyperoliidae;Hyperolius;Hyperolius ocellatus
ERR2:196370.656120	7	Eukaryota;Chordata;Actinopteri;Salmoniformes;Salmonidae;Oncorhynchus mykiss x Salmo salar
ERR2:196630.740994	7	Eukaryota;Arthropoda;Insecta;Diptera;Drosophilidae;Scaptomyza;Scaptomyza palmae
ERR2:224700.715181	7	Eukaryota;Arthropoda;Maxillopoda;Calanoida;Tortanidae;Tortanus;Tortanus discaudatus
ERR2:258030.727289	7	Eukaryota;Arthropoda;Insecta;Diptera;Drosophilidae;Scaptomyza;Scaptomyza palmae
ERR2:30470.684888	7	Eukaryota;Arthropoda;Maxillopoda;Calanoida;Tortanidae;Tortanus;Tortanus discaudatus
ERR2:317420.739714	7	Eukaryota;Arthropoda;Insecta;Diptera;Drosophilidae;Scaptomyza;Scaptomyza palmae
ERR2:370640.735961	7	Eukaryota;Arthropoda;Insecta;Lepidoptera;Prodoxidae;Prodoxus;Prodoxus atascosanellus
ERR2:440410.667757	7	Eukaryota;Nematoda;Chromadorea;Rhabditida;Filaroididae;Parafilaroides;Parafilaroides normani
ERR2:106380.723457	6	Eukaryota;Arthropoda;Insecta;Coleoptera;Dytiscidae;Hydaticus;Hydaticus arcuatus
ERR2:121580.684500	6	Eukaryota;Platyhelminthes;Cestoda;Tetraphyllidea;Onchobothriidae;Pachybothrium;Pachybothrium hutsoni
ERR2:12350.735527	6	Eukaryota;Arthropoda;Insecta;Lepidoptera;Prodoxidae;Prodoxus;Prodoxus atascosanellus
ERR2:124830.725155	6	Eukaryota;Arthropoda;Insecta;Diptera;Chironomidae;Trissopelopia;Trissopelopia longimana
ERR2:126510.729611	6	Eukaryota;Arthropoda;Insecta;Diptera;Drosophilidae;Scaptomyza;Scaptomyza palmae
ERR2:133290.740346	6	Eukaryota;Arthropoda;Maxillopoda;Calanoida;Tortanidae;Tortanus;Tortanus discaudatus
ERR2:147620.658412	6	Eukaryota;Chordata;Actinopteri;Alepocephaliformes;Alepocephalidae;Narcetes;Narcetes erimelas
ERR2:158820.661689	6	Eukaryota;Mollusca;Gastropoda;Helicarionidae;Westracystis;Westracystis lissus
ERR2:164570.727314	6	Eukaryota;Arthropoda;Insecta;Coleoptera;Scirtidae;Pseudomicrocara;Pseudomicrocara anthophilia
ERR2:19320.717987	6	Eukaryota;Arthropoda;Insecta;Coleoptera;Scirtidae;Pseudomicrocara;Pseudomicrocara anthophilia
ERR2:209430.726869	6	Eukaryota;Arthropoda;Insecta;Diptera;Drosophilidae;Drosophila;Drosophila frotapessoai
ERR2:219280.706510	6	Eukaryota;Arthropoda;Maxillopoda;Calanoida;Tortanidae;Tortanus;Tortanus discaudatus
ERR2:26810.699523	6	Eukaryota;Nematoda;Chromadorea;Spirurida;Onchocercidae;Onchocerca;Onchocerca flexuosa
ERR2:31470.718592	6	Eukaryota;Arthropoda;Insecta;Trichoptera;Hydroptilidae;Nothotrichia;Nothotrichia cautinensis
ERR2:37750.726258	6	Eukaryota;Arthropoda;Insecta;Diptera;Drosophilidae;Scaptomyza;Scaptomyza palmae
ERR2:413010.731296	6	Eukaryota;Arthropoda;Insecta;Diptera;Drosophilidae;Scaptomyza;Scaptomyza palmae
ERR2:448140.698562	6	Eukaryota;Arthropoda;Insecta;Diptera;Agromyzidae;Chromatomyia;Chromatomyia aprilina
ERR2:73480.749251	6	Eukaryota;Arthropoda;Insecta;Diptera;Simuliidae;Simulium;Simulium brevipar
ERR2:103900.736105	5	Eukaryota;Arthropoda;Insecta;Diptera;Drosophilidae;Scaptomyza;Scaptomyza palmae
ERR2:120330.705570	5	Eukaryota;Arthropoda;Insecta;Diptera;Drosophilidae;Drosophila;Drosophila rubida
ERR2:131930.731912	5	Eukaryota;Arthropoda;Maxillopoda;Calanoida;Tortanidae;Tortanus;Tortanus discaudatus
ERR2:174730.636410	5	Eukaryota;Arthropoda;Insecta;Hymenoptera;Agaonidae;Pleistodontes;Pleistodontes plebejus
ERR2:185090.726218	5	Eukaryota;Arthropoda;Insecta;Diptera;Chironomidae;Chaetocladius;Chaetocladius dissipatus
ERR2:185250.734797	5	Eukaryota;Arthropoda;Maxillopoda;Calanoida;Tortanidae;Tortanus;Tortanus discaudatus
ERR2:197830.735470	5	Eukaryota;Arthropoda;Insecta;Diptera;Chironomidae;Stempellinella;Stempellinella tamaseptima
ERR2:210570.723871	5	Eukaryota;Arthropoda;Insecta;Diptera;Drosophilidae;Scaptomyza;Scaptomyza palmae
ERR2:21780.725430	5	Eukaryota;Mollusca;Gastropoda;Cerithiopsidae;Seila;Seila morishimai
ERR2:23760.724685	5	Eukaryota;Arthropoda;Maxillopoda;Calanoida;Tortanidae;Tortanus;Tortanus discaudatus
ERR2:239270.736717	5	Eukaryota;Mollusca;Gastropoda;Cerithiopsidae;Seila;Seila morishimai
ERR2:242170.736919	5	Eukaryota;Arthropoda;Maxillopoda;Calanoida;Tortanidae;Tortanus;Tortanus discaudatus
ERR2:249620.610391	5	Eukaryota;Chordata;Mammalia;Rodentia;Cricetidae;Microtus;Microtus kikuchii
ERR2:271010.658959	5	Eukaryota;Chordata;Amphibia;Anura;Hyperoliidae;Hyperolius;Hyperolius ocellatus
ERR2:283730.747158	5	Eukaryota;Arthropoda;Insecta;Coleoptera;Chrysomelidae;Mimosestes;Mimosestes viduatus
ERR2:30880.706897	5	Eukaryota;Arthropoda;Insecta;Coleoptera;Scirtidae;Pseudomicrocara;Pseudomicrocara anthophilia
ERR2:308960.735743	5	Eukaryota;Arthropoda;Maxillopoda;Calanoida;Tortanidae;Tortanus;Tortanus discaudatus
ERR2:318620.643449	5	Eukaryota;Arthropoda;Insecta;Hemiptera;Aphelocheiridae;Aphelocheirus;Aphelocheirus ellipsoideus
ERR2:324750.615047	5	Eukaryota;Mollusca;Gastropoda;Nudibranchia;Aeolidiidae;Berghia;Berghia coerulescens
ERR2:328720.604794	5	Eukaryota;Arthropoda;Insecta;Hemiptera;Cicadidae;Neotibicen;Neotibicen nr. similaris DCM-2015
ERR2:335710.710600	5	Eukaryota;Mollusca;Gastropoda;Bradybaenidae;Pseudobuliminus;Pseudobuliminus subcylindricus
ERR2:366340.726637	5	Eukaryota;Arthropoda;Insecta;Diptera;Clusiidae;Clusiodes;Clusiodes johnsoni
ERR2:385940.739404	5	Eukaryota;Arthropoda;Maxillopoda;Calanoida;Tortanidae;Tortanus;Tortanus discaudatus
ERR2:413050.730290	5	Eukaryota;Arthropoda;Maxillopoda;Calanoida;Tortanidae;Tortanus;Tortanus discaudatus
ERR2:429040.640647	5	Eukaryota;Arthropoda;Insecta;Diptera;Clusiidae;Clusiodes;Clusiodes johnsoni
ERR2:453990.722179	5	Eukaryota;Chordata;Mammalia;Primates;Pitheciidae;Callicebus;Callicebus lugens
ERR2:47270.697344	5	Eukaryota;Arthropoda;Maxillopoda;Calanoida;Tortanidae;Tortanus;Tortanus discaudatus
ERR2:530.751729	5	Eukaryota;Arthropoda;Insecta;Diptera;Drosophilidae;Scaptomyza;Scaptomyza palmae
ERR2:74280.726704	5	Eukaryota;Arthropoda;Maxillopoda;Calanoida;Tortanidae;Tortanus;Tortanus discaudatus
ERR2:76090.712635	5	Eukaryota;Mollusca;Gastropoda;Cerithiopsidae;Seila;Seila morishimai
ERR2:100290.713480	4	Eukaryota;Arthropoda;Insecta;Diptera;Drosophilidae;Stegana;Stegana singularis
ERR2:1020.705750	4	Eukaryota;Chordata;Chondrichthyes;Orectolobiformes;Orectolobidae;Orectolobus;Orectolobus japonicus
ERR2:105980.667185	4	Eukaryota;Arthropoda;Insecta;Diptera;Sarcophagidae;Tricharaea;Tricharaea femoralis
ERR2:107030.708795	4	Eukaryota;Arthropoda;Insecta;Diptera;Drosophilidae;Drosophila;Drosophila frotapessoai
ERR2:108570.702438	4	Eukaryota;Platyhelminthes;Cestoda;Tetraphyllidea;Onchobothriidae;Pachybothrium;Pachybothrium hutsoni
ERR2:116800.635600	4	Eukaryota;Arthropoda;Maxillopoda;Calanoida;Tortanidae;Tortanus;Tortanus discaudatus
ERR2:120640.681360	4	Eukaryota;Arthropoda;Insecta;Diptera;Tabanidae;Chrysops;Chrysops carbonarius
ERR2:120760.726949	4	Eukaryota;Arthropoda;Insecta;Diptera;Drosophilidae;Scaptomyza;Scaptomyza palmae
ERR2:124060.725752	4	Eukaryota;Arthropoda;Insecta;Diptera;Drosophilidae;Scaptomyza;Scaptomyza palmae
ERR2:130850.689674	4	Eukaryota;Arthropoda;Maxillopoda;Calanoida;Tortanidae;Tortanus;Tortanus discaudatus
ERR2:133820.732049	4	Eukaryota;Arthropoda;Insecta;Trichoptera;Philopotamidae;Chimarra;Chimarra veveensis
ERR2:135270.632495	4	Eukaryota;Arthropoda;Insecta;Mecoptera;Panorpidae;Sinopanorpa;Sinopanorpa digitiformis
ERR2:14000.624712	4	Eukaryota;Arthropoda;Insecta;Diptera;Drosophilidae;Drosophila;Drosophila latifshahi
ERR2:144950.614611	4	Eukaryota;Arthropoda;Insecta;Diptera;Drosophilidae;Scaptomyza;Scaptomyza palmae
ERR2:145410.713784	4	Eukaryota;Arthropoda;Insecta;Diptera;Agromyzidae;Aulagromyza;Aulagromyza luteoscutellata
ERR2:163870.666460	4	Eukaryota;Chordata;Squamata;Dipsadidae;Thermophis;Thermophis zhaoermii
ERR2:167250.659013	4	Eukaryota;Chordata;Mammalia;Rodentia;Dipodidae;Jaculus;Jaculus jaculus
ERR2:172040.625234	4	Eukaryota;Nematoda;Chromadorea;Rhabditida;Filaroididae;Parafilaroides;Parafilaroides normani
ERR2:172430.730236	4	Eukaryota;Arthropoda;Insecta;Diptera;Drosophilidae;Scaptomyza;Scaptomyza palmae
ERR2:177830.626693	4	Eukaryota;Arthropoda;Insecta;Diptera;Agromyzidae;Aulagromyza;Aulagromyza luteoscutellata
ERR2:178640.690883	4	Eukaryota;Arthropoda;Arachnida;Ixodida;Ixodidae;Amblyomma;Amblyomma elaphense
ERR2:182120.735568	4	Eukaryota;Arthropoda;Maxillopoda;Calanoida;Tortanidae;Tortanus;Tortanus discaudatus
ERR2:187280.694788	4	Eukaryota;Cnidaria;Multivalvulida;Kudoidae;Kudoa;Kudoa hexapunctata
ERR2:206770.698758	4	Eukaryota;Arthropoda;Insecta;Orthoptera;Tetrigidae;Alulatettix;Alulatettix yunnanensis
ERR2:207100.726270	4	Eukaryota;Arthropoda;Insecta;Trichoptera;Hydropsychidae;Hydropsyche;Hydropsyche yenisar
ERR2:209640.740143	4	Eukaryota;Arthropoda;Insecta;Diptera;Drosophilidae;Scaptomyza;Scaptomyza palmae
ERR2:215830.732127	4	Eukaryota;Mollusca;Gastropoda;Calyptraeidae;Crepidula;Crepidula norrisiarum
ERR2:216450.721504	4	Eukaryota;Arthropoda;Maxillopoda;Calanoida;Tortanidae;Tortanus;Tortanus discaudatus
ERR2:229160.711209	4	Eukaryota;Arthropoda;Insecta;Diptera;Drosophilidae;Drosophila;Drosophila mediopicta
ERR2:23970.690536	4	Eukaryota;Chordata;Amphibia;Caudata;Hynobiidae;Hynobius;Hynobius hidamontanus
ERR2:253710.697859	4	Eukaryota;Arthropoda;Maxillopoda;Calanoida;Tortanidae;Tortanus;Tortanus discaudatus
ERR2:254690.702554	4	Eukaryota;Arthropoda;Maxillopoda;Calanoida;Tortanidae;Tortanus;Tortanus discaudatus
ERR2:255710.731031	4	Eukaryota;Arthropoda;Maxillopoda;Calanoida;Tortanidae;Tortanus;Tortanus discaudatus
ERR2:256690.722075	4	Eukaryota;Arthropoda;Maxillopoda;Calanoida;Tortanidae;Tortanus;Tortanus discaudatus
ERR2:262720.604343	4	Eukaryota;Arthropoda;Insecta;Diptera;Drosophilidae;Drosophila;Drosophila hamifera
ERR2:297910.728052	4	Eukaryota;Arthropoda;Insecta;Trichoptera;Hydropsychidae;Hydropsyche;Hydropsyche yenisar
ERR2:329810.705982	4	Eukaryota;Arthropoda;Insecta;Mantodea;Tarachodidae;Pyrgomantis;Pyrgomantis jonesi
ERR2:334960.738138	4	Eukaryota;Arthropoda;Maxillopoda;Calanoida;Euchaetidae;Paraeuchaeta;Paraeuchaeta rubra
ERR2:347030.742428	4	Eukaryota;Mollusca;Gastropoda;Cerithiopsidae;Seila;Seila morishimai
ERR2:367790.727013	4	Eukaryota;Arthropoda;Insecta;Coleoptera;Scirtidae;Pseudomicrocara;Pseudomicrocara anthophilia
ERR2:369600.728419	4	Eukaryota;Arthropoda;Insecta;Diptera;Drosophilidae;Scaptomyza;Scaptomyza palmae
ERR2:379970.624238	4	Eukaryota;Nematoda;Chromadorea;Rhabditida;Filaroididae;Parafilaroides;Parafilaroides normani
ERR2:388800.741607	4	Eukaryota;Arthropoda;Insecta;Mecoptera;Panorpidae;Sinopanorpa;Sinopanorpa digitiformis
ERR2:407950.606623	4	Eukaryota;Annelida;Hirudinida;Arhynchobdellida;Haemopidae;Whitmania;Whitmania pigra
ERR2:428040.740848	4	Eukaryota;Arthropoda;Insecta;Diptera;Drosophilidae;Scaptomyza;Scaptomyza palmae
ERR2:435430.607533	4	Eukaryota;Arthropoda;Maxillopoda;Calanoida;Tortanidae;Tortanus;Tortanus discaudatus
ERR2:447480.738108	4	Eukaryota;Arthropoda;Maxillopoda;Calanoida;Tortanidae;Tortanus;Tortanus discaudatus
ERR2:475730.629971	4	Eukaryota;Arthropoda;Insecta;Lepidoptera;Crambidae;Bradina;Bradina nr. melanoperas WPH-2012
ERR2:476710.690969	4	Eukaryota;Arthropoda;Insecta;Coleoptera;Chrysomelidae;Bruchidius;Bruchidius siliquastri
ERR2:505770.729351	4	Eukaryota;Arthropoda;Insecta;Diptera;Agromyzidae;Aulagromyza;Aulagromyza luteoscutellata
ERR2:543040.708925	4	Eukaryota;Arthropoda;Maxillopoda;Calanoida;Tortanidae;Tortanus;Tortanus discaudatus
ERR2:565580.735225	4	Eukaryota;Arthropoda;Insecta;Diptera;Agromyzidae;Aulagromyza;Aulagromyza luteoscutellata
ERR2:701830.696722	4	Eukaryota;Arthropoda;Insecta;Mecoptera;Bittacidae;Bittacus;Bittacus sinensis
ERR2:70640.701031	4	Eukaryota;Arthropoda;Maxillopoda;Calanoida;Tortanidae;Tortanus;Tortanus discaudatus
ERR2:94640.722587	4	Eukaryota;Arthropoda;Insecta;Diptera;Drosophilidae;Scaptomyza;Scaptomyza palmae
ERR2:96840.696181	4	Eukaryota;Arthropoda;Maxillopoda;Calanoida;Tortanidae;Tortanus;Tortanus discaudatus
ERR2:101550.690475	3	Eukaryota;Arthropoda;Insecta;Coleoptera;Silphidae;Oiceoptoma;Oiceoptoma noveboracense
ERR2:102120.740580	3	Eukaryota;Arthropoda;Maxillopoda;Calanoida;Tortanidae;Tortanus;Tortanus discaudatus
ERR2:105280.731610	3	Eukaryota;Mollusca;Gastropoda;Cerithiopsidae;Seila;Seila morishimai
ERR2:108960.694980	3	Eukaryota;Arthropoda;Insecta;Diptera;Drosophilidae;Scaptomyza;Scaptomyza palmae
ERR2:11120.664799	3	Eukaryota;Arthropoda;Maxillopoda;Calanoida;Tortanidae;Tortanus;Tortanus discaudatus
ERR2:113330.665794	3	Eukaryota;Arthropoda;Insecta;Plecoptera;Perlidae;Acroneuria;Acroneuria hainana
ERR2:117650.724641	3	Eukaryota;Arthropoda;Insecta;Diptera;Hybotidae;Platypalpus;Platypalpus niger
ERR2:117850.684508	3	Eukaryota;Chordata;Amphibia;Anura;Hyperoliidae;Hyperolius;Hyperolius ocellatus
ERR2:124940.625515	3	Eukaryota;Arthropoda;Insecta;Diptera;Drosophilidae;Scaptomyza;Scaptomyza palmae
ERR2:127700.723325	3	Eukaryota;Arthropoda;Insecta;Mecoptera;Panorpidae;Sinopanorpa;Sinopanorpa digitiformis
ERR2:132820.622287	3	Eukaryota;Nematoda;Chromadorea;Rhabditida;Filaroididae;Parafilaroides;Parafilaroides normani
ERR2:138750.679224	3	Eukaryota;Arthropoda;Arachnida;Araneae;Theridiidae;Anelosimus;Anelosimus ethicus
ERR2:13980.725452	3	Eukaryota;Arthropoda;Insecta;Diptera;Simuliidae;Simulium;Simulium brevipar
ERR2:14020.720765	3	Eukaryota;Arthropoda;Insecta;Trichoptera;Hydropsychidae;Hydropsyche;Hydropsyche yenisar
ERR2:147560.690764	3	Eukaryota;Platyhelminthes;Cestoda;Haplobothriidea;Haplobothriidae;Haplobothrium;Haplobothrium globuliforme
ERR2:14780.740585	3	Eukaryota;Arthropoda;Maxillopoda;Calanoida;Tortanidae;Tortanus;Tortanus discaudatus
ERR2:148550.717397	3	Eukaryota;Arthropoda;Insecta;Coleoptera;Dytiscidae;Hydaticus;Hydaticus arcuatus
ERR2:150170.725344	3	Eukaryota;Arthropoda;Insecta;Diptera;Drosophilidae;Scaptomyza;Scaptomyza palmae
ERR2:161250.680477	3	Eukaryota;Chordata;Amphibia;Anura;Hyperoliidae;Hyperolius;Hyperolius ocellatus
ERR2:163030.710347	3	Eukaryota;Arthropoda;Insecta;Mantodea;Mantidae;Miomantis;Miomantis aurea
ERR2:164010.714157	3	Eukaryota;Arthropoda;Insecta;Mecoptera;Panorpidae;Panorpa;Panorpa kimminsi
ERR2:168090.723966	3	Eukaryota;Arthropoda;Insecta;Diptera;Drosophilidae;Scaptomyza;Scaptomyza palmae
ERR2:169720.719154	3	Eukaryota;Arthropoda;Maxillopoda;Calanoida;Tortanidae;Tortanus;Tortanus discaudatus
ERR2:169750.672253	3	Eukaryota;Arthropoda;Insecta;Orthoptera;Tetrigidae;Alulatettix;Alulatettix yunnanensis
ERR2:169910.706195	3	Eukaryota;Arthropoda;Maxillopoda;Calanoida;Tortanidae;Tortanus;Tortanus discaudatus
ERR2:171330.685048	3	Eukaryota;Arthropoda;Maxillopoda;Calanoida;Tortanidae;Tortanus;Tortanus discaudatus
ERR2:174130.734976	3	Eukaryota;Arthropoda;Insecta;Diptera;Drosophilidae;Scaptomyza;Scaptomyza palmae
ERR2:180880.725194	3	Eukaryota;Mollusca;Gastropoda;Cerithiopsidae;Seila;Seila morishimai
ERR2:184380.701570	3	Eukaryota;Arthropoda;Insecta;Diptera;Drosophilidae;Drosophila;Drosophila latifshahi
ERR2:18510.728609	3	Eukaryota;Arthropoda;Maxillopoda;Calanoida;Euchaetidae;Paraeuchaeta;Paraeuchaeta rubra
ERR2:186550.732078	3	Eukaryota;Arthropoda;Insecta;Diptera;Drosophilidae;Scaptomyza;Scaptomyza palmae
ERR2:188040.602894	3	Eukaryota;Echinodermata;Ophiuroidea;Euryalida;Asteronychidae;Astrodia;Astrodia tenuispina
ERR2:188470.718848	3	Eukaryota;Arthropoda;Insecta;Diptera;Drosophilidae;Drosophila;Drosophila frotapessoai
ERR2:189250.707179	3	Eukaryota;Mollusca;Gastropoda;Thiaridae;Sermyla;Sermyla riqueti
ERR2:192830.728562	3	Eukaryota;Arthropoda;Maxillopoda;Calanoida;Tortanidae;Tortanus;Tortanus discaudatus
ERR2:19580.641863	3	Eukaryota;Arthropoda;Maxillopoda;Calanoida;Tortanidae;Tortanus;Tortanus discaudatus
ERR2:198360.711015	3	Eukaryota;Arthropoda;Insecta;Diptera;Calliphoridae;Calliphora;Calliphora pattoni
ERR2:206930.728631	3	Eukaryota;Arthropoda;Insecta;Diptera;Dolichopodidae;Campsicnemus;Campsicnemus marginatus
ERR2:207350.728107	3	Eukaryota;Arthropoda;Insecta;Diptera;Simuliidae;Simulium;Simulium brevipar
ERR2:208460.702807	3	Eukaryota;Arthropoda;Insecta;Diptera;Drosophilidae;Drosophila;Drosophila procardinoides
ERR2:211650.743119	3	Eukaryota;Arthropoda;Maxillopoda;Calanoida;Tortanidae;Tortanus;Tortanus discaudatus
ERR2:214370.685354	3	Eukaryota;Arthropoda;Insecta;Diptera;Chironomidae;Trissopelopia;Trissopelopia longimana
ERR2:216270.736386	3	Eukaryota;Arthropoda;Insecta;Siphonaptera;Rhopalopsyllidae;Polygenis;Polygenis roberti
ERR2:219560.723740	3	Eukaryota;Arthropoda;Insecta;Diptera;Drosophilidae;Scaptomyza;Scaptomyza palmae
ERR2:221970.723908	3	Eukaryota;Arthropoda;Insecta;Diptera;Drosophilidae;Scaptomyza;Scaptomyza palmae
ERR2:225270.717168	3	Eukaryota;Arthropoda;Insecta;Diptera;Drosophilidae;Scaptomyza;Scaptomyza palmae
ERR2:228970.732655	3	Eukaryota;Arthropoda;Insecta;Diptera;Calliphoridae;Calliphora;Calliphora pattoni
ERR2:231090.730099	3	Eukaryota;Arthropoda;Insecta;Diptera;Drosophilidae;Scaptomyza;Scaptomyza palmae
ERR2:233710.699951	3	Eukaryota;Arthropoda;Insecta;Hymenoptera;Agaonidae;Pleistodontes;Pleistodontes plebejus
ERR2:236260.629002	3	Eukaryota;Platyhelminthes;Trematoda;Plagiorchiida;Paramphistomidae;Paramphistomum;Paramphistomum cervi
ERR2:24800.717373	3	Eukaryota;Arthropoda;Maxillopoda;Calanoida;Tortanidae;Tortanus;Tortanus discaudatus
ERR2:25740.708625	3	Eukaryota;Chordata;Amphibia;Anura;Hyperoliidae;Hyperolius;Hyperolius ocellatus
ERR2:25780.737920	3	Eukaryota;Arthropoda;Insecta;Diptera;Drosophilidae;Scaptomyza;Scaptomyza palmae
ERR2:264510.716643	3	Eukaryota;Arthropoda;Insecta;Diptera;Drosophilidae;Scaptomyza;Scaptomyza palmae
ERR2:264660.609993	3	Eukaryota;Platyhelminthes;Cestoda;Tetrabothriidea;Tetrabothriidae;Tetrabothrius;Tetrabothrius erostris
ERR2:267050.695137	3	Eukaryota;Arthropoda;Insecta;Diptera;Agromyzidae;Aulagromyza;Aulagromyza luteoscutellata
ERR2:269060.690008	3	Eukaryota;Arthropoda;Maxillopoda;Calanoida;Tortanidae;Tortanus;Tortanus discaudatus
ERR2:27250.714198	3	Eukaryota;Arthropoda;Insecta;Diptera;Pelecorhynchidae;Glutops;Glutops singularis
ERR2:27380.643957	3	Eukaryota;Platyhelminthes;Monogenea;Gyrodactylidae;Paragyrodactylus;Paragyrodactylus variegatus
ERR2:27510.732311	3	Eukaryota;Arthropoda;Maxillopoda;Calanoida;Tortanidae;Tortanus;Tortanus discaudatus
ERR2:277330.701920	3	Eukaryota;Arthropoda;Maxillopoda;Calanoida;Tortanidae;Tortanus;Tortanus discaudatus
ERR2:277880.611584	3	Eukaryota;Chordata;Amphibia;Anura;Hyperoliidae;Hyperolius;Hyperolius ocellatus
ERR2:284380.714755	3	Eukaryota;Arthropoda;Malacostraca;Amphipoda;Lysianassidae;Onisimus;Onisimus nanseni
ERR2:284450.733534	3	Eukaryota;Arthropoda;Insecta;Diptera;Drosophilidae;Scaptomyza;Scaptomyza palmae
ERR2:294950.732818	3	Eukaryota;Arthropoda;Maxillopoda;Calanoida;Tortanidae;Tortanus;Tortanus discaudatus
ERR2:295520.684433	3	Eukaryota;Arthropoda;Insecta;Lepidoptera;Crambidae;Palpita;Palpita kimballi
ERR2:295970.661172	3	Eukaryota;Arthropoda;Arachnida;Ixodida;Ixodidae;Haemaphysalis;Haemaphysalis hystricis
ERR2:303430.639174	3	Eukaryota;Platyhelminthes;Cestoda;Tetrabothriidea;Tetrabothriidae;Tetrabothrius;Tetrabothrius erostris
ERR2:30380.722954	3	Eukaryota;Arthropoda;Insecta;Diptera;Agromyzidae;Aulagromyza;Aulagromyza luteoscutellata
ERR2:308350.709932	3	Eukaryota;Arthropoda;Maxillopoda;Calanoida;Tortanidae;Tortanus;Tortanus discaudatus
ERR2:31270.635751	3	Eukaryota;Arthropoda;Insecta;Hemiptera;Aphelocheiridae;Aphelocheirus;Aphelocheirus ellipsoideus
ERR2:313180.729283	3	Eukaryota;Arthropoda;Insecta;Diptera;Drosophilidae;Scaptomyza;Scaptomyza palmae
ERR2:313710.680468	3	Eukaryota;Nematoda;Chromadorea;Spirurida;Onchocercidae;Onchocerca;Onchocerca flexuosa
ERR2:330490.623108	3	Eukaryota;Arthropoda;Insecta;Diptera;Drosophilidae;Scaptomyza;Scaptomyza palmae
ERR2:333280.708562	3	Eukaryota;Arthropoda;Insecta;Diptera;Simuliidae;Simulium;Simulium brevipar
ERR2:334050.641303	3	Eukaryota;Arthropoda;Insecta;Coleoptera;Staphylinidae;Stenus;Stenus eurous
ERR2:336380.720835	3	Eukaryota;Nematoda;Chromadorea;Spirurida;Onchocercidae;Onchocerca;Onchocerca flexuosa
ERR2:339320.707155	3	Eukaryota;Chordata;Squamata;Lacertidae;Tropidosaura;Tropidosaura gularis
ERR2:347420.726166	3	Eukaryota;Arthropoda;Maxillopoda;Calanoida;Tortanidae;Tortanus;Tortanus discaudatus
ERR2:347530.696134	3	Eukaryota;Mollusca;Gastropoda;Cerithiopsidae;Seila;Seila morishimai
ERR2:350530.742075	3	Eukaryota;Arthropoda;Maxillopoda;Calanoida;Tortanidae;Tortanus;Tortanus discaudatus
ERR2:352740.736220	3	Eukaryota;Arthropoda;Maxillopoda;Calanoida;Tortanidae;Tortanus;Tortanus discaudatus
ERR2:357190.727381	3	Eukaryota;Arthropoda;Insecta;Diptera;Drosophilidae;Scaptomyza;Scaptomyza palmae
ERR2:358000.664220	3	Eukaryota;Arthropoda;Insecta;Diptera;Anthomyiidae;Fucellia;Fucellia tergina
ERR2:361980.709066	3	Eukaryota;Arthropoda;Insecta;Diptera;Chironomidae;Trissopelopia;Trissopelopia longimana
ERR2:362290.724935	3	Eukaryota;Arthropoda;Insecta;Trichoptera;Hydroptilidae;Nothotrichia;Nothotrichia cautinensis
ERR2:365160.709526	3	Eukaryota;Arthropoda;Insecta;Diptera;Tabanidae;Haematopota;Haematopota howarthi
ERR2:37820.710297	3	Eukaryota;Arthropoda;Insecta;Coleoptera;Curculionidae;Sphenophorus;Sphenophorus incurrens
ERR2:379640.694545	3	Eukaryota;Chordata;Amphibia;Anura;Hyperoliidae;Hyperolius;Hyperolius ocellatus
ERR2:383830.617980	3	Eukaryota;Chordata;Amphibia;Anura;Dicroglossidae;Quasipaa;Quasipaa yei
ERR2:38920.735270	3	Eukaryota;Arthropoda;Insecta;Diptera;Drosophilidae;Scaptomyza;Scaptomyza palmae
ERR2:396790.738325	3	Eukaryota;Arthropoda;Insecta;Diptera;Drosophilidae;Scaptomyza;Scaptomyza palmae
ERR2:404220.718014	3	Eukaryota;Arthropoda;Insecta;Diptera;Chironomidae;Orthocladius;Orthocladius telochaetus
ERR2:415510.690485	3	Eukaryota;Arthropoda;Insecta;Diptera;Chironomidae;Trissopelopia;Trissopelopia longimana
ERR2:418390.714510	3	Eukaryota;Chordata;Squamata;Elapidae;Micrurus;Micrurus fulvius
ERR2:452320.681499	3	Eukaryota;Arthropoda;Maxillopoda;Calanoida;Tortanidae;Tortanus;Tortanus discaudatus
ERR2:458590.739571	3	Eukaryota;Arthropoda;Maxillopoda;Calanoida;Tortanidae;Tortanus;Tortanus discaudatus
ERR2:459570.710057	3	Eukaryota;Arthropoda;Maxillopoda;Calanoida;Tortanidae;Tortanus;Tortanus discaudatus
ERR2:461000.694210	3	Eukaryota;Arthropoda;Insecta;Coleoptera;Staphylinidae;Aleochara;Aleochara castaneipennis
ERR2:464310.735195	3	Eukaryota;Arthropoda;Maxillopoda;Calanoida;Tortanidae;Tortanus;Tortanus discaudatus
ERR2:465740.713298	3	Eukaryota;Arthropoda;Maxillopoda;Calanoida;Tortanidae;Tortanus;Tortanus discaudatus
ERR2:465890.663639	3	Eukaryota;Arthropoda;Insecta;Hemiptera;Anthocoridae;Xylocoris;Xylocoris hiurai
ERR2:474610.721522	3	Eukaryota;Arthropoda;Maxillopoda;Calanoida;Tortanidae;Tortanus;Tortanus discaudatus
ERR2:478710.750042	3	Eukaryota;Arthropoda;Maxillopoda;Calanoida;Tortanidae;Tortanus;Tortanus discaudatus
ERR2:479870.615682	3	Eukaryota;Arthropoda;Maxillopoda;Calanoida;Tortanidae;Tortanus;Tortanus discaudatus
ERR2:483840.686086	3	Eukaryota;Arthropoda;Insecta;Phasmatodea;Phasmatidae;Ramulus;Ramulus hainanense
ERR2:486930.740036	3	Eukaryota;Arthropoda;Insecta;Diptera;Drosophilidae;Scaptomyza;Scaptomyza palmae
ERR2:496100.688545	3	Eukaryota;Arthropoda;Maxillopoda;Calanoida;Scolecitrichidae;Pseudoamallothrix;Pseudoamallothrix cenotelis
ERR2:503850.690795	3	Eukaryota;Arthropoda;Maxillopoda;Calanoida;Tortanidae;Tortanus;Tortanus discaudatus
ERR2:521610.745969	3	Eukaryota;Arthropoda;Insecta;Diptera;Simuliidae;Simulium;Simulium brevipar
ERR2:523090.652313	3	Eukaryota;Chordata;Actinopteri;Mugiliformes;Mugilidae;Cestraeus;Cestraeus goldiei
ERR2:524080.666218	3	Eukaryota;Chordata;Amphibia;Anura;Hyperoliidae;Hyperolius;Hyperolius ocellatus
ERR2:524390.719839	3	Eukaryota;Arthropoda;Insecta;Mecoptera;Panorpidae;Sinopanorpa;Sinopanorpa digitiformis
ERR2:542090.615993	3	Eukaryota;Chordata;Actinopteri;Cypriniformes;Cyprinidae;Acheilognathus;Acheilognathus barbatus
ERR2:546930.727011	3	Eukaryota;Arthropoda;Insecta;Trichoptera;Hydropsychidae;Hydropsyche;Hydropsyche yenisar
ERR2:573210.738299	3	Eukaryota;Arthropoda;Insecta;Diptera;Agromyzidae;Aulagromyza;Aulagromyza luteoscutellata
ERR2:57360.644876	3	Eukaryota;Arthropoda;Insecta;Trichoptera;Hydropsychidae;Hydropsyche;Hydropsyche yenisar
ERR2:579420.715483	3	Eukaryota;Arthropoda;Maxillopoda;Calanoida;Tortanidae;Tortanus;Tortanus discaudatus
ERR2:579980.726935	3	Eukaryota;Arthropoda;Insecta;Diptera;Tachinidae;Nemorilla;Nemorilla floralis
ERR2:60390.724110	3	Eukaryota;Arthropoda;Maxillopoda;Calanoida;Tortanidae;Tortanus;Tortanus discaudatus
ERR2:617900.623573	3	Eukaryota;Annelida;Hirudinida;Arhynchobdellida;Haemopidae;Whitmania;Whitmania pigra
ERR2:629020.640446	3	Eukaryota;Porifera;Demospongiae;Hadromerida;Tethyidae;Tethya;Tethya actinia
ERR2:67990.721937	3	Eukaryota;Arthropoda;Maxillopoda;Calanoida;Tortanidae;Tortanus;Tortanus discaudatus
ERR2:707300.744472	3	Eukaryota;Arthropoda;Maxillopoda;Calanoida;Tortanidae;Tortanus;Tortanus discaudatus
ERR2:715630.695714	3	Eukaryota;Arthropoda;Insecta;Coleoptera;Dytiscidae;Rhantus;Rhantus vitiensis
ERR2:719080.730003	3	Eukaryota;Arthropoda;Maxillopoda;Calanoida;Tortanidae;Tortanus;Tortanus discaudatus
ERR2:735660.654684	3	Eukaryota;Chordata;Amphibia;Anura;Hyperoliidae;Hyperolius;Hyperolius ocellatus
ERR2:76360.706789	3	Eukaryota;Arthropoda;Insecta;Diptera;Drosophilidae;Scaptomyza;Scaptomyza palmae
ERR2:808900.715935	3	Eukaryota;Arthropoda;Maxillopoda;Calanoida;Tortanidae;Tortanus;Tortanus discaudatus
ERR2:94610.728913	3	Eukaryota;Arthropoda;Insecta;Diptera;Drosophilidae;Scaptomyza;Scaptomyza palmae
